ID,growing zone,tree name,botanical name,descrip1,descrip2,descrip3,descrip4,descrip5,descrip6,grows in zones,sun preference,soil preference,mature height,mature spread,growth speed,flower color,foliage color,fall color,pollinator friendly,outgoing link,main_tree_image,tree_image_1,tree_image_2,tree_image_3,tree_image_4
1,4,Jane Magnolia,Magnolia x 'Jane',"Beautiful, Fragrant Spring Flowers",Blooms a Bit Later Than Other Magnolias,Reddish-Purple Tulip-Shaped Blooms,Long-Lasting,Attractive Foliage,Hardy & Adaptable,4-8,"Full Sun, Partial Shade",Widely Adaptable,10 - 15 Feet,8 - 10 Feet,Medium,"Pink, White",Green,Orange,Yes,https://www.naturehills.com/magnolia-x-jane,https://raw.githubusercontent.com/irmakerdem/tree-pal-api/main/assets/jane-magnolia/jane-magnolia-main-wo-border.jpg,https://raw.githubusercontent.com/irmakerdem/tree-pal-api/main/assets/jane-magnolia/jane-magnolia-side-view-600x600.webp,https://raw.githubusercontent.com/irmakerdem/tree-pal-api/main/assets/jane-magnolia/jane-magnolia-flower-bunch-600x600.webp,https://raw.githubusercontent.com/irmakerdem/tree-pal-api/main/assets/jane-magnolia/jane-magnolia-bloom-600x600.webp,N/A
2,5,Jane Magnolia,Magnolia x 'Jane',"Beautiful, Fragrant Spring Flowers",Blooms a Bit Later Than Other Magnolias,Reddish-Purple Tulip-Shaped Blooms,Long-Lasting,Attractive Foliage,Hardy & Adaptable,4-8,"Full Sun, Partial Shade",Widely Adaptable,10 - 15 Feet,8 - 10 Feet,Medium,"Pink, White",Green,Orange,Yes,https://www.naturehills.com/magnolia-x-jane,https://raw.githubusercontent.com/irmakerdem/tree-pal-api/main/assets/jane-magnolia/jane-magnolia-main-wo-border.jpg,https://raw.githubusercontent.com/irmakerdem/tree-pal-api/main/assets/jane-magnolia/jane-magnolia-side-view-600x600.webp,https://raw.githubusercontent.com/irmakerdem/tree-pal-api/main/assets/jane-magnolia/jane-magnolia-flower-bunch-600x600.webp,https://raw.githubusercontent.com/irmakerdem/tree-pal-api/main/assets/jane-magnolia/jane-magnolia-bloom-600x600.webp,N/A
3,6,Jane Magnolia,Magnolia x 'Jane',"Beautiful, Fragrant Spring Flowers",Blooms a Bit Later Than Other Magnolias,Reddish-Purple Tulip-Shaped Blooms,Long-Lasting,Attractive Foliage,Hardy & Adaptable,4-8,"Full Sun, Partial Shade",Widely Adaptable,10 - 15 Feet,8 - 10 Feet,Medium,"Pink, White",Green,Orange,Yes,https://www.naturehills.com/magnolia-x-jane,https://raw.githubusercontent.com/irmakerdem/tree-pal-api/main/assets/jane-magnolia/jane-magnolia-main-wo-border.jpg,https://raw.githubusercontent.com/irmakerdem/tree-pal-api/main/assets/jane-magnolia/jane-magnolia-side-view-600x600.webp,https://raw.githubusercontent.com/irmakerdem/tree-pal-api/main/assets/jane-magnolia/jane-magnolia-flower-bunch-600x600.webp,https://raw.githubusercontent.com/irmakerdem/tree-pal-api/main/assets/jane-magnolia/jane-magnolia-bloom-600x600.webp,N/A
4,7,Jane Magnolia,Magnolia x 'Jane',"Beautiful, Fragrant Spring Flowers",Blooms a Bit Later Than Other Magnolias,Reddish-Purple Tulip-Shaped Blooms,Long-Lasting,Attractive Foliage,Hardy & Adaptable,4-8,"Full Sun, Partial Shade",Widely Adaptable,10 - 15 Feet,8 - 10 Feet,Medium,"Pink, White",Green,Orange,Yes,https://www.naturehills.com/magnolia-x-jane,https://raw.githubusercontent.com/irmakerdem/tree-pal-api/main/assets/jane-magnolia/jane-magnolia-main-wo-border.jpg,https://raw.githubusercontent.com/irmakerdem/tree-pal-api/main/assets/jane-magnolia/jane-magnolia-side-view-600x600.webp,https://raw.githubusercontent.com/irmakerdem/tree-pal-api/main/assets/jane-magnolia/jane-magnolia-flower-bunch-600x600.webp,https://raw.githubusercontent.com/irmakerdem/tree-pal-api/main/assets/jane-magnolia/jane-magnolia-bloom-600x600.webp,N/A
5,8,Jane Magnolia,Magnolia x 'Jane',"Beautiful, Fragrant Spring Flowers",Blooms a Bit Later Than Other Magnolias,Reddish-Purple Tulip-Shaped Blooms,Long-Lasting,Attractive Foliage,Hardy & Adaptable,4-8,"Full Sun, Partial Shade",Widely Adaptable,10 - 15 Feet,8 - 10 Feet,Medium,"Pink, White",Green,Orange,Yes,https://www.naturehills.com/magnolia-x-jane,https://raw.githubusercontent.com/irmakerdem/tree-pal-api/main/assets/jane-magnolia/jane-magnolia-main-wo-border.jpg,https://raw.githubusercontent.com/irmakerdem/tree-pal-api/main/assets/jane-magnolia/jane-magnolia-side-view-600x600.webp,https://raw.githubusercontent.com/irmakerdem/tree-pal-api/main/assets/jane-magnolia/jane-magnolia-flower-bunch-600x600.webp,https://raw.githubusercontent.com/irmakerdem/tree-pal-api/main/assets/jane-magnolia/jane-magnolia-bloom-600x600.webp,N/A
6,5,Blue Chinese Wisteria,Wisteria sinensis,One of the World's Most Amazing Flower Displays,Fragrant Flowers,Easy to Grow,Disease Resistant,Drought Tolerant,Beautiful Blue Flowers,5-9,"Full Sun, Partial Shade",Widely Adaptable,10 - 15 Feet,10 - 12 Feet,Fast,Blue,Green,Yellow,Yes,https://www.naturehills.com/blue-chinese-wisteria,https://raw.githubusercontent.com/irmakerdem/tree-pal-api/main/assets/blue-chinese/blue_chinese_wisteria_tree_cropped.webp,https://raw.githubusercontent.com/irmakerdem/tree-pal-api/main/assets/blue-chinese/blue-chinese-wisteria-tree-600x600.webp,https://raw.githubusercontent.com/irmakerdem/tree-pal-api/main/assets/blue-chinese/blue_chinese_wisteria_bloooms2.jpg,https://raw.githubusercontent.com/irmakerdem/tree-pal-api/main/assets/blue-chinese/blue-chinese-wisteria-close-up-600x600.webp,N/A
7,6,Blue Chinese Wisteria,Wisteria sinensis,One of the World's Most Amazing Flower Displays,Fragrant Flowers,Easy to Grow,Disease Resistant,Drought Tolerant,Beautiful Blue Flowers,5-9,"Full Sun, Partial Shade",Widely Adaptable,10 - 15 Feet,10 - 12 Feet,Fast,Blue,Green,Yellow,Yes,https://www.naturehills.com/blue-chinese-wisteria,https://raw.githubusercontent.com/irmakerdem/tree-pal-api/main/assets/blue-chinese/blue_chinese_wisteria_tree_cropped.webp,https://raw.githubusercontent.com/irmakerdem/tree-pal-api/main/assets/blue-chinese/blue-chinese-wisteria-tree-600x600.webp,https://raw.githubusercontent.com/irmakerdem/tree-pal-api/main/assets/blue-chinese/blue_chinese_wisteria_bloooms2.jpg,https://raw.githubusercontent.com/irmakerdem/tree-pal-api/main/assets/blue-chinese/blue-chinese-wisteria-close-up-600x600.webp,N/A
8,7,Blue Chinese Wisteria,Wisteria sinensis,One of the World's Most Amazing Flower Displays,Fragrant Flowers,Easy to Grow,Disease Resistant,Drought Tolerant,Beautiful Blue Flowers,5-9,"Full Sun, Partial Shade",Widely Adaptable,10 - 15 Feet,10 - 12 Feet,Fast,Blue,Green,Yellow,Yes,https://www.naturehills.com/blue-chinese-wisteria,https://raw.githubusercontent.com/irmakerdem/tree-pal-api/main/assets/blue-chinese/blue_chinese_wisteria_tree_cropped.webp,https://raw.githubusercontent.com/irmakerdem/tree-pal-api/main/assets/blue-chinese/blue-chinese-wisteria-tree-600x600.webp,https://raw.githubusercontent.com/irmakerdem/tree-pal-api/main/assets/blue-chinese/blue_chinese_wisteria_bloooms2.jpg,https://raw.githubusercontent.com/irmakerdem/tree-pal-api/main/assets/blue-chinese/blue-chinese-wisteria-close-up-600x600.webp,N/A
9,8,Blue Chinese Wisteria,Wisteria sinensis,One of the World's Most Amazing Flower Displays,Fragrant Flowers,Easy to Grow,Disease Resistant,Drought Tolerant,Beautiful Blue Flowers,5-9,"Full Sun, Partial Shade",Widely Adaptable,10 - 15 Feet,10 - 12 Feet,Fast,Blue,Green,Yellow,Yes,https://www.naturehills.com/blue-chinese-wisteria,https://raw.githubusercontent.com/irmakerdem/tree-pal-api/main/assets/blue-chinese/blue_chinese_wisteria_tree_cropped.webp,https://raw.githubusercontent.com/irmakerdem/tree-pal-api/main/assets/blue-chinese/blue-chinese-wisteria-tree-600x600.webp,https://raw.githubusercontent.com/irmakerdem/tree-pal-api/main/assets/blue-chinese/blue_chinese_wisteria_bloooms2.jpg,https://raw.githubusercontent.com/irmakerdem/tree-pal-api/main/assets/blue-chinese/blue-chinese-wisteria-close-up-600x600.webp,N/A
10,9,Blue Chinese Wisteria,Wisteria sinensis,One of the World's Most Amazing Flower Displays,Fragrant Flowers,Easy to Grow,Disease Resistant,Drought Tolerant,Beautiful Blue Flowers,5-9,"Full Sun, Partial Shade",Widely Adaptable,10 - 15 Feet,10 - 12 Feet,Fast,Blue,Green,Yellow,Yes,https://www.naturehills.com/blue-chinese-wisteria,https://raw.githubusercontent.com/irmakerdem/tree-pal-api/main/assets/blue-chinese/blue_chinese_wisteria_tree_cropped.webp,https://raw.githubusercontent.com/irmakerdem/tree-pal-api/main/assets/blue-chinese/blue-chinese-wisteria-tree-600x600.webp,https://raw.githubusercontent.com/irmakerdem/tree-pal-api/main/assets/blue-chinese/blue_chinese_wisteria_bloooms2.jpg,https://raw.githubusercontent.com/irmakerdem/tree-pal-api/main/assets/blue-chinese/blue-chinese-wisteria-close-up-600x600.webp,N/A
11,2,Colorado Spruce,Picea pungens,Wild Bird Interest,Hardy & Easy-Care,Graceful Strength,Tolerant & Resilient,Boughs For Floral Design,Deer Resistant,2-7,"Full Sun, Partial Shade",Well Drained,50 - 60 Feet,12 - 20 Feet,Slow,N/A,"Green, Blue",Evergreen,No,https://www.naturehills.com/colorado-spruce,https://raw.githubusercontent.com/irmakerdem/tree-pal-api/main/assets/colorado-spruce/3327-2_piceapungenscoloradospruce-600x600_1.webp,https://raw.githubusercontent.com/irmakerdem/tree-pal-api/main/assets/colorado-spruce/3327-1_piceapungenscoloradospruce-600x600_1.webp,N/A,N/A,N/A
12,3,Colorado Spruce,Picea pungens,Wild Bird Interest,Hardy & Easy-Care,Graceful Strength,Tolerant & Resilient,Boughs For Floral Design,Deer Resistant,2-7,"Full Sun, Partial Shade",Well Drained,50 - 60 Feet,12 - 20 Feet,Slow,N/A,"Green, Blue",Evergreen,No,https://www.naturehills.com/colorado-spruce,https://raw.githubusercontent.com/irmakerdem/tree-pal-api/main/assets/colorado-spruce/3327-2_piceapungenscoloradospruce-600x600_1.webp,https://raw.githubusercontent.com/irmakerdem/tree-pal-api/main/assets/colorado-spruce/3327-1_piceapungenscoloradospruce-600x600_1.webp,N/A,N/A,N/A
13,4,Colorado Spruce,Picea pungens,Wild Bird Interest,Hardy & Easy-Care,Graceful Strength,Tolerant & Resilient,Boughs For Floral Design,Deer Resistant,2-7,"Full Sun, Partial Shade",Well Drained,50 - 60 Feet,12 - 20 Feet,Slow,N/A,"Green, Blue",Evergreen,No,https://www.naturehills.com/colorado-spruce,https://raw.githubusercontent.com/irmakerdem/tree-pal-api/main/assets/colorado-spruce/3327-2_piceapungenscoloradospruce-600x600_1.webp,https://raw.githubusercontent.com/irmakerdem/tree-pal-api/main/assets/colorado-spruce/3327-1_piceapungenscoloradospruce-600x600_1.webp,N/A,N/A,N/A
14,5,Colorado Spruce,Picea pungens,Wild Bird Interest,Hardy & Easy-Care,Graceful Strength,Tolerant & Resilient,Boughs For Floral Design,Deer Resistant,2-7,"Full Sun, Partial Shade",Well Drained,50 - 60 Feet,12 - 20 Feet,Slow,N/A,"Green, Blue",Evergreen,No,https://www.naturehills.com/colorado-spruce,https://raw.githubusercontent.com/irmakerdem/tree-pal-api/main/assets/colorado-spruce/3327-2_piceapungenscoloradospruce-600x600_1.webp,https://raw.githubusercontent.com/irmakerdem/tree-pal-api/main/assets/colorado-spruce/3327-1_piceapungenscoloradospruce-600x600_1.webp,N/A,N/A,N/A
15,6,Colorado Spruce,Picea pungens,Wild Bird Interest,Hardy & Easy-Care,Graceful Strength,Tolerant & Resilient,Boughs For Floral Design,Deer Resistant,2-7,"Full Sun, Partial Shade",Well Drained,50 - 60 Feet,12 - 20 Feet,Slow,N/A,"Green, Blue",Evergreen,No,https://www.naturehills.com/colorado-spruce,https://raw.githubusercontent.com/irmakerdem/tree-pal-api/main/assets/colorado-spruce/3327-2_piceapungenscoloradospruce-600x600_1.webp,https://raw.githubusercontent.com/irmakerdem/tree-pal-api/main/assets/colorado-spruce/3327-1_piceapungenscoloradospruce-600x600_1.webp,N/A,N/A,N/A
16,7,Colorado Spruce,Picea pungens,Wild Bird Interest,Hardy & Easy-Care,Graceful Strength,Tolerant & Resilient,Boughs For Floral Design,Deer Resistant,2-7,"Full Sun, Partial Shade",Well Drained,50 - 60 Feet,12 - 20 Feet,Slow,N/A,"Green, Blue",Evergreen,No,https://www.naturehills.com/colorado-spruce,https://raw.githubusercontent.com/irmakerdem/tree-pal-api/main/assets/colorado-spruce/3327-2_piceapungenscoloradospruce-600x600_1.webp,https://raw.githubusercontent.com/irmakerdem/tree-pal-api/main/assets/colorado-spruce/3327-1_piceapungenscoloradospruce-600x600_1.webp,N/A,N/A,N/A
17,6,Okame Cherry,Prunus x 'Okame',Vivid Rosy Pink Blossoms in Early Spring,"Blooms in Hot and Humid South, and Hot and Dry West",Fabulous Spring and Fall Color in the North,Requires Little Pruning,"Celebrated at the Cherry Blossom Festival in Washington, D.C.",Specimen Tree,6-8,"Full Sun, Partial Shade",Widely Adaptable,15 - 30 Feet,20 - 30 Feet,Medium,Pink,Green,"Yellow, Orange, Red",Yes,https://www.naturehills.com/okame-cherry,https://raw.githubusercontent.com/irmakerdem/tree-pal-api/main/assets/okame-cherry/okame-cherry-tree-600x600.webp,https://raw.githubusercontent.com/irmakerdem/tree-pal-api/main/assets/okame-cherry/okame-cherry-600x600.webp,https://raw.githubusercontent.com/irmakerdem/tree-pal-api/main/assets/okame-cherry/okame-cherry-tree-branches-600x600.webp,https://raw.githubusercontent.com/irmakerdem/tree-pal-api/main/assets/okame-cherry/okame-cherry-tree-close-up-600x600.webp,N/A
18,7,Okame Cherry,Prunus x 'Okame',Vivid Rosy Pink Blossoms in Early Spring,"Blooms in Hot and Humid South, and Hot and Dry West",Fabulous Spring and Fall Color in the North,Requires Little Pruning,"Celebrated at the Cherry Blossom Festival in Washington, D.C.",Specimen Tree,6-8,"Full Sun, Partial Shade",Widely Adaptable,15 - 30 Feet,20 - 30 Feet,Medium,Pink,Green,"Yellow, Orange, Red",Yes,https://www.naturehills.com/okame-cherry,https://raw.githubusercontent.com/irmakerdem/tree-pal-api/main/assets/okame-cherry/okame-cherry-tree-600x600.webp,https://raw.githubusercontent.com/irmakerdem/tree-pal-api/main/assets/okame-cherry/okame-cherry-600x600.webp,https://raw.githubusercontent.com/irmakerdem/tree-pal-api/main/assets/okame-cherry/okame-cherry-tree-branches-600x600.webp,https://raw.githubusercontent.com/irmakerdem/tree-pal-api/main/assets/okame-cherry/okame-cherry-tree-close-up-600x600.webp,N/A
19,8,Okame Cherry,Prunus x 'Okame',Vivid Rosy Pink Blossoms in Early Spring,"Blooms in Hot and Humid South, and Hot and Dry West",Fabulous Spring and Fall Color in the North,Requires Little Pruning,"Celebrated at the Cherry Blossom Festival in Washington, D.C.",Specimen Tree,6-8,"Full Sun, Partial Shade",Widely Adaptable,15 - 30 Feet,20 - 30 Feet,Medium,Pink,Green,"Yellow, Orange, Red",Yes,https://www.naturehills.com/okame-cherry,https://raw.githubusercontent.com/irmakerdem/tree-pal-api/main/assets/okame-cherry/okame-cherry-tree-600x600.webp,https://raw.githubusercontent.com/irmakerdem/tree-pal-api/main/assets/okame-cherry/okame-cherry-600x600.webp,https://raw.githubusercontent.com/irmakerdem/tree-pal-api/main/assets/okame-cherry/okame-cherry-tree-branches-600x600.webp,https://raw.githubusercontent.com/irmakerdem/tree-pal-api/main/assets/okame-cherry/okame-cherry-tree-close-up-600x600.webp,N/A
20,2,Quaking Aspen,Populus tremuloides 'Quaking',Fast-Growing Native Plant,Wonderful Heart-Shaped Leaves,Beautiful Fall Color,Adds Motion & Sound,Beneficial To Wildlife,Distinctive White Bark,2-6,Full Sun,Widely Adaptable,40 - 50 Feet,20 - 30 Feet,Fast,N/A,Dark Green,Yellow,Yes,https://www.naturehills.com/aspen-quaking,https://raw.githubusercontent.com/irmakerdem/tree-pal-api/main/assets/quaking-aspen/quaking_aspen_tree_600x600_1.webp,https://raw.githubusercontent.com/irmakerdem/tree-pal-api/main/assets/quaking-aspen/quaking-aspen-grove-img-1.jpg,https://raw.githubusercontent.com/irmakerdem/tree-pal-api/main/assets/quaking-aspen/quaking-aspen_bark-closeup-600x600.webp,N/A,N/A
21,3,Quaking Aspen,Populus tremuloides 'Quaking',Fast-Growing Native Plant,Wonderful Heart-Shaped Leaves,Beautiful Fall Color,Adds Motion & Sound,Beneficial To Wildlife,Distinctive White Bark,2-6,Full Sun,Widely Adaptable,40 - 50 Feet,20 - 30 Feet,Fast,N/A,Dark Green,Yellow,Yes,https://www.naturehills.com/aspen-quaking,https://raw.githubusercontent.com/irmakerdem/tree-pal-api/main/assets/quaking-aspen/quaking_aspen_tree_600x600_1.webp,https://raw.githubusercontent.com/irmakerdem/tree-pal-api/main/assets/quaking-aspen/quaking-aspen-grove-img-1.jpg,https://raw.githubusercontent.com/irmakerdem/tree-pal-api/main/assets/quaking-aspen/quaking-aspen_bark-closeup-600x600.webp,N/A,N/A
22,4,Quaking Aspen,Populus tremuloides 'Quaking',Fast-Growing Native Plant,Wonderful Heart-Shaped Leaves,Beautiful Fall Color,Adds Motion & Sound,Beneficial To Wildlife,Distinctive White Bark,2-6,Full Sun,Widely Adaptable,40 - 50 Feet,20 - 30 Feet,Fast,N/A,Dark Green,Yellow,Yes,https://www.naturehills.com/aspen-quaking,https://raw.githubusercontent.com/irmakerdem/tree-pal-api/main/assets/quaking-aspen/quaking_aspen_tree_600x600_1.webp,https://raw.githubusercontent.com/irmakerdem/tree-pal-api/main/assets/quaking-aspen/quaking-aspen-grove-img-1.jpg,https://raw.githubusercontent.com/irmakerdem/tree-pal-api/main/assets/quaking-aspen/quaking-aspen_bark-closeup-600x600.webp,N/A,N/A
23,5,Quaking Aspen,Populus tremuloides 'Quaking',Fast-Growing Native Plant,Wonderful Heart-Shaped Leaves,Beautiful Fall Color,Adds Motion & Sound,Beneficial To Wildlife,Distinctive White Bark,2-6,Full Sun,Widely Adaptable,40 - 50 Feet,20 - 30 Feet,Fast,N/A,Dark Green,Yellow,Yes,https://www.naturehills.com/aspen-quaking,https://raw.githubusercontent.com/irmakerdem/tree-pal-api/main/assets/quaking-aspen/quaking_aspen_tree_600x600_1.webp,https://raw.githubusercontent.com/irmakerdem/tree-pal-api/main/assets/quaking-aspen/quaking-aspen-grove-img-1.jpg,https://raw.githubusercontent.com/irmakerdem/tree-pal-api/main/assets/quaking-aspen/quaking-aspen_bark-closeup-600x600.webp,N/A,N/A
24,6,Quaking Aspen,Populus tremuloides 'Quaking',Fast-Growing Native Plant,Wonderful Heart-Shaped Leaves,Beautiful Fall Color,Adds Motion & Sound,Beneficial To Wildlife,Distinctive White Bark,2-6,Full Sun,Widely Adaptable,40 - 50 Feet,20 - 30 Feet,Fast,N/A,Dark Green,Yellow,Yes,https://www.naturehills.com/aspen-quaking,https://raw.githubusercontent.com/irmakerdem/tree-pal-api/main/assets/quaking-aspen/quaking_aspen_tree_600x600_1.webp,https://raw.githubusercontent.com/irmakerdem/tree-pal-api/main/assets/quaking-aspen/quaking-aspen-grove-img-1.jpg,https://raw.githubusercontent.com/irmakerdem/tree-pal-api/main/assets/quaking-aspen/quaking-aspen_bark-closeup-600x600.webp,N/A,N/A
25,4,Autumn Blaze Maple,Acer x freemanii 'Jeffersred',Improved Variety of Maple,Disease Resistant,Pest Resistant,Wonderful Shade Tree,Award Winner,Tried and True,4-8,Full Sun,Widely Adaptable,40 - 60 Feet,40 - 60 Feet,Fast,Red,Green,Red,Yes,https://www.naturehills.com/autumn-blaze-red-maple,https://raw.githubusercontent.com/irmakerdem/tree-pal-api/main/assets/autumn-blaze/autumn-blaze-full-trees-2-800x800_1.webp,https://raw.githubusercontent.com/irmakerdem/tree-pal-api/main/assets/autumn-blaze/autumn-blaze-close-up-leaves_1.webp,https://raw.githubusercontent.com/irmakerdem/tree-pal-api/main/assets/autumn-blaze/autumn-blaze-maple-600x600_1.webp,N/A,N/A
26,5,Autumn Blaze Maple,Acer x freemanii 'Jeffersred',Improved Variety of Maple,Disease Resistant,Pest Resistant,Wonderful Shade Tree,Award Winner,Tried and True,4-8,Full Sun,Widely Adaptable,40 - 60 Feet,40 - 60 Feet,Fast,Red,Green,Red,Yes,https://www.naturehills.com/autumn-blaze-red-maple,https://raw.githubusercontent.com/irmakerdem/tree-pal-api/main/assets/autumn-blaze/autumn-blaze-full-trees-2-800x800_1.webp,https://raw.githubusercontent.com/irmakerdem/tree-pal-api/main/assets/autumn-blaze/autumn-blaze-close-up-leaves_1.webp,https://raw.githubusercontent.com/irmakerdem/tree-pal-api/main/assets/autumn-blaze/autumn-blaze-maple-600x600_1.webp,N/A,N/A
27,6,Autumn Blaze Maple,Acer x freemanii 'Jeffersred',Improved Variety of Maple,Disease Resistant,Pest Resistant,Wonderful Shade Tree,Award Winner,Tried and True,4-8,Full Sun,Widely Adaptable,40 - 60 Feet,40 - 60 Feet,Fast,Red,Green,Red,Yes,https://www.naturehills.com/autumn-blaze-red-maple,https://raw.githubusercontent.com/irmakerdem/tree-pal-api/main/assets/autumn-blaze/autumn-blaze-full-trees-2-800x800_1.webp,https://raw.githubusercontent.com/irmakerdem/tree-pal-api/main/assets/autumn-blaze/autumn-blaze-close-up-leaves_1.webp,https://raw.githubusercontent.com/irmakerdem/tree-pal-api/main/assets/autumn-blaze/autumn-blaze-maple-600x600_1.webp,N/A,N/A
28,7,Autumn Blaze Maple,Acer x freemanii 'Jeffersred',Improved Variety of Maple,Disease Resistant,Pest Resistant,Wonderful Shade Tree,Award Winner,Tried and True,4-8,Full Sun,Widely Adaptable,40 - 60 Feet,40 - 60 Feet,Fast,Red,Green,Red,Yes,https://www.naturehills.com/autumn-blaze-red-maple,https://raw.githubusercontent.com/irmakerdem/tree-pal-api/main/assets/autumn-blaze/autumn-blaze-full-trees-2-800x800_1.webp,https://raw.githubusercontent.com/irmakerdem/tree-pal-api/main/assets/autumn-blaze/autumn-blaze-close-up-leaves_1.webp,https://raw.githubusercontent.com/irmakerdem/tree-pal-api/main/assets/autumn-blaze/autumn-blaze-maple-600x600_1.webp,N/A,N/A
29,8,Autumn Blaze Maple,Acer x freemanii 'Jeffersred',Improved Variety of Maple,Disease Resistant,Pest Resistant,Wonderful Shade Tree,Award Winner,Tried and True,4-8,Full Sun,Widely Adaptable,40 - 60 Feet,40 - 60 Feet,Fast,Red,Green,Red,Yes,https://www.naturehills.com/autumn-blaze-red-maple,https://raw.githubusercontent.com/irmakerdem/tree-pal-api/main/assets/autumn-blaze/autumn-blaze-full-trees-2-800x800_1.webp,https://raw.githubusercontent.com/irmakerdem/tree-pal-api/main/assets/autumn-blaze/autumn-blaze-close-up-leaves_1.webp,https://raw.githubusercontent.com/irmakerdem/tree-pal-api/main/assets/autumn-blaze/autumn-blaze-maple-600x600_1.webp,N/A,N/A
30,3,Eastern Red Cedar,Juniperus virginiana,Native Evergreen,Wildlife Cover,Bird Magnet,"Tough, Durable and Drought Resistant",Wonderful Texture,Aromatic Wood,3-9,"Full Sun, Partial Shade",Widely Adaptable,40 - 60 Feet,10 - 20 Feet,Medium,N/A,Green,Evergreen,No,https://www.naturehills.com/eastern-red-cedar,https://raw.githubusercontent.com/irmakerdem/tree-pal-api/main/assets/eastern-red/eastern_red_cedar_tree_600x600_1.webp,https://raw.githubusercontent.com/irmakerdem/tree-pal-api/main/assets/eastern-red/eastern_red_cedar_cones_web.webp,https://raw.githubusercontent.com/irmakerdem/tree-pal-api/main/assets/eastern-red/eastern-red-cedar-tree-close-up-600x600.webp,https://raw.githubusercontent.com/irmakerdem/tree-pal-api/main/assets/eastern-red/eastern_red_cedar_tree_600x600_3.webp,N/A
31,4,Eastern Red Cedar,Juniperus virginiana,Native Evergreen,Wildlife Cover,Bird Magnet,"Tough, Durable and Drought Resistant",Wonderful Texture,Aromatic Wood,3-9,"Full Sun, Partial Shade",Widely Adaptable,40 - 60 Feet,10 - 20 Feet,Medium,N/A,Green,Evergreen,No,https://www.naturehills.com/eastern-red-cedar,https://raw.githubusercontent.com/irmakerdem/tree-pal-api/main/assets/eastern-red/eastern_red_cedar_tree_600x600_1.webp,https://raw.githubusercontent.com/irmakerdem/tree-pal-api/main/assets/eastern-red/eastern_red_cedar_cones_web.webp,https://raw.githubusercontent.com/irmakerdem/tree-pal-api/main/assets/eastern-red/eastern-red-cedar-tree-close-up-600x600.webp,https://raw.githubusercontent.com/irmakerdem/tree-pal-api/main/assets/eastern-red/eastern_red_cedar_tree_600x600_3.webp,N/A
32,5,Eastern Red Cedar,Juniperus virginiana,Native Evergreen,Wildlife Cover,Bird Magnet,"Tough, Durable and Drought Resistant",Wonderful Texture,Aromatic Wood,3-9,"Full Sun, Partial Shade",Widely Adaptable,40 - 60 Feet,10 - 20 Feet,Medium,N/A,Green,Evergreen,No,https://www.naturehills.com/eastern-red-cedar,https://raw.githubusercontent.com/irmakerdem/tree-pal-api/main/assets/eastern-red/eastern_red_cedar_tree_600x600_1.webp,https://raw.githubusercontent.com/irmakerdem/tree-pal-api/main/assets/eastern-red/eastern_red_cedar_cones_web.webp,https://raw.githubusercontent.com/irmakerdem/tree-pal-api/main/assets/eastern-red/eastern-red-cedar-tree-close-up-600x600.webp,https://raw.githubusercontent.com/irmakerdem/tree-pal-api/main/assets/eastern-red/eastern_red_cedar_tree_600x600_3.webp,N/A
33,6,Eastern Red Cedar,Juniperus virginiana,Native Evergreen,Wildlife Cover,Bird Magnet,"Tough, Durable and Drought Resistant",Wonderful Texture,Aromatic Wood,3-9,"Full Sun, Partial Shade",Widely Adaptable,40 - 60 Feet,10 - 20 Feet,Medium,N/A,Green,Evergreen,No,https://www.naturehills.com/eastern-red-cedar,https://raw.githubusercontent.com/irmakerdem/tree-pal-api/main/assets/eastern-red/eastern_red_cedar_tree_600x600_1.webp,https://raw.githubusercontent.com/irmakerdem/tree-pal-api/main/assets/eastern-red/eastern_red_cedar_cones_web.webp,https://raw.githubusercontent.com/irmakerdem/tree-pal-api/main/assets/eastern-red/eastern-red-cedar-tree-close-up-600x600.webp,https://raw.githubusercontent.com/irmakerdem/tree-pal-api/main/assets/eastern-red/eastern_red_cedar_tree_600x600_3.webp,N/A
34,7,Eastern Red Cedar,Juniperus virginiana,Native Evergreen,Wildlife Cover,Bird Magnet,"Tough, Durable and Drought Resistant",Wonderful Texture,Aromatic Wood,3-9,"Full Sun, Partial Shade",Widely Adaptable,40 - 60 Feet,10 - 20 Feet,Medium,N/A,Green,Evergreen,No,https://www.naturehills.com/eastern-red-cedar,https://raw.githubusercontent.com/irmakerdem/tree-pal-api/main/assets/eastern-red/eastern_red_cedar_tree_600x600_1.webp,https://raw.githubusercontent.com/irmakerdem/tree-pal-api/main/assets/eastern-red/eastern_red_cedar_cones_web.webp,https://raw.githubusercontent.com/irmakerdem/tree-pal-api/main/assets/eastern-red/eastern-red-cedar-tree-close-up-600x600.webp,https://raw.githubusercontent.com/irmakerdem/tree-pal-api/main/assets/eastern-red/eastern_red_cedar_tree_600x600_3.webp,N/A
35,8,Eastern Red Cedar,Juniperus virginiana,Native Evergreen,Wildlife Cover,Bird Magnet,"Tough, Durable and Drought Resistant",Wonderful Texture,Aromatic Wood,3-9,"Full Sun, Partial Shade",Widely Adaptable,40 - 60 Feet,10 - 20 Feet,Medium,N/A,Green,Evergreen,No,https://www.naturehills.com/eastern-red-cedar,https://raw.githubusercontent.com/irmakerdem/tree-pal-api/main/assets/eastern-red/eastern_red_cedar_tree_600x600_1.webp,https://raw.githubusercontent.com/irmakerdem/tree-pal-api/main/assets/eastern-red/eastern_red_cedar_cones_web.webp,https://raw.githubusercontent.com/irmakerdem/tree-pal-api/main/assets/eastern-red/eastern-red-cedar-tree-close-up-600x600.webp,https://raw.githubusercontent.com/irmakerdem/tree-pal-api/main/assets/eastern-red/eastern_red_cedar_tree_600x600_3.webp,N/A
36,9,Eastern Red Cedar,Juniperus virginiana,Native Evergreen,Wildlife Cover,Bird Magnet,"Tough, Durable and Drought Resistant",Wonderful Texture,Aromatic Wood,3-9,"Full Sun, Partial Shade",Widely Adaptable,40 - 60 Feet,10 - 20 Feet,Medium,N/A,Green,Evergreen,No,https://www.naturehills.com/eastern-red-cedar,https://raw.githubusercontent.com/irmakerdem/tree-pal-api/main/assets/eastern-red/eastern_red_cedar_tree_600x600_1.webp,https://raw.githubusercontent.com/irmakerdem/tree-pal-api/main/assets/eastern-red/eastern_red_cedar_cones_web.webp,https://raw.githubusercontent.com/irmakerdem/tree-pal-api/main/assets/eastern-red/eastern-red-cedar-tree-close-up-600x600.webp,https://raw.githubusercontent.com/irmakerdem/tree-pal-api/main/assets/eastern-red/eastern_red_cedar_tree_600x600_3.webp,N/A
37,6,Mimosa,Albizia julibrissin 'Rosea',Tropical Pink Blooms,Fern-Like Foliage,Drought Tolerant,Heat Tolerant,Easy Care,Smaller Shade Tree,6-10,Full Sun,Widely Adaptable,20 - 35 feet,25 - 30 feet,Fast,Light Pink,Green,N/A,Yes,https://www.naturehills.com/mimosa-tree,https://raw.githubusercontent.com/irmakerdem/tree-pal-api/main/assets/mimosa-tree/mimosa-tree-albizia-julibrissin-tree-in-bloom-2-600x600.webp,https://raw.githubusercontent.com/irmakerdem/tree-pal-api/main/assets/mimosa-tree/mimosa-tree-3-800x800.webp,https://raw.githubusercontent.com/irmakerdem/tree-pal-api/main/assets/mimosa-tree/mimosa-tree-dreamstime_xxl_97814927-600x600.webp,N/A,N/A
38,7,Mimosa,Albizia julibrissin 'Rosea',Tropical Pink Blooms,Fern-Like Foliage,Drought Tolerant,Heat Tolerant,Easy Care,Smaller Shade Tree,6-10,Full Sun,Widely Adaptable,20 - 35 feet,25 - 30 feet,Fast,Light Pink,Green,N/A,Yes,https://www.naturehills.com/mimosa-tree,https://raw.githubusercontent.com/irmakerdem/tree-pal-api/main/assets/mimosa-tree/mimosa-tree-albizia-julibrissin-tree-in-bloom-2-600x600.webp,https://raw.githubusercontent.com/irmakerdem/tree-pal-api/main/assets/mimosa-tree/mimosa-tree-3-800x800.webp,https://raw.githubusercontent.com/irmakerdem/tree-pal-api/main/assets/mimosa-tree/mimosa-tree-dreamstime_xxl_97814927-600x600.webp,N/A,N/A
39,8,Mimosa,Albizia julibrissin 'Rosea',Tropical Pink Blooms,Fern-Like Foliage,Drought Tolerant,Heat Tolerant,Easy Care,Smaller Shade Tree,6-10,Full Sun,Widely Adaptable,20 - 35 feet,25 - 30 feet,Fast,Light Pink,Green,N/A,Yes,https://www.naturehills.com/mimosa-tree,https://raw.githubusercontent.com/irmakerdem/tree-pal-api/main/assets/mimosa-tree/mimosa-tree-albizia-julibrissin-tree-in-bloom-2-600x600.webp,https://raw.githubusercontent.com/irmakerdem/tree-pal-api/main/assets/mimosa-tree/mimosa-tree-3-800x800.webp,https://raw.githubusercontent.com/irmakerdem/tree-pal-api/main/assets/mimosa-tree/mimosa-tree-dreamstime_xxl_97814927-600x600.webp,N/A,N/A
40,9,Mimosa,Albizia julibrissin 'Rosea',Tropical Pink Blooms,Fern-Like Foliage,Drought Tolerant,Heat Tolerant,Easy Care,Smaller Shade Tree,6-10,Full Sun,Widely Adaptable,20 - 35 feet,25 - 30 feet,Fast,Light Pink,Green,N/A,Yes,https://www.naturehills.com/mimosa-tree,https://raw.githubusercontent.com/irmakerdem/tree-pal-api/main/assets/mimosa-tree/mimosa-tree-albizia-julibrissin-tree-in-bloom-2-600x600.webp,https://raw.githubusercontent.com/irmakerdem/tree-pal-api/main/assets/mimosa-tree/mimosa-tree-3-800x800.webp,https://raw.githubusercontent.com/irmakerdem/tree-pal-api/main/assets/mimosa-tree/mimosa-tree-dreamstime_xxl_97814927-600x600.webp,N/A,N/A
41,10,Mimosa,Albizia julibrissin 'Rosea',Tropical Pink Blooms,Fern-Like Foliage,Drought Tolerant,Heat Tolerant,Easy Care,Smaller Shade Tree,6-10,Full Sun,Widely Adaptable,20 - 35 feet,25 - 30 feet,Fast,Light Pink,Green,N/A,Yes,https://www.naturehills.com/mimosa-tree,https://raw.githubusercontent.com/irmakerdem/tree-pal-api/main/assets/mimosa-tree/mimosa-tree-albizia-julibrissin-tree-in-bloom-2-600x600.webp,https://raw.githubusercontent.com/irmakerdem/tree-pal-api/main/assets/mimosa-tree/mimosa-tree-3-800x800.webp,https://raw.githubusercontent.com/irmakerdem/tree-pal-api/main/assets/mimosa-tree/mimosa-tree-dreamstime_xxl_97814927-600x600.webp,N/A,N/A
42,4,Aristocrat Flowering Pear,Pyrus calleryana 'Aristocrat',Gorgeous Fall Color,"Tidy, Formal Profile",Strong Branch Structure,Versatile Small Shade Tree,White flowers,Beautiful Fall Colors,4-9,Full Sun,Widely Adaptable,25 - 40 feet,20 - 30 feet,Fast,White,Green,"Yellow, Red, Burgundy / Purple",Yes,https://www.naturehills.com/aristocrat-flowering-pear,https://raw.githubusercontent.com/irmakerdem/tree-pal-api/main/assets/aristocrat-flowering/aristocrat-flowering-peartree-600x600.webp,https://raw.githubusercontent.com/irmakerdem/tree-pal-api/main/assets/aristocrat-flowering/aristocrat-flowering-image-1.jpg,https://raw.githubusercontent.com/irmakerdem/tree-pal-api/main/assets/aristocrat-flowering/aristrocrat-flowering-pear-800x800.webp,https://raw.githubusercontent.com/irmakerdem/tree-pal-api/main/assets/aristocrat-flowering/aristrocrat-flowering-pear-blooms-600x600.webp,N/A
43,5,Aristocrat Flowering Pear,Pyrus calleryana 'Aristocrat',Gorgeous Fall Color,"Tidy, Formal Profile",Strong Branch Structure,Versatile Small Shade Tree,White flowers,Beautiful Fall Colors,4-9,Full Sun,Widely Adaptable,25 - 40 feet,20 - 30 feet,Fast,White,Green,"Yellow, Red, Burgundy / Purple",Yes,https://www.naturehills.com/aristocrat-flowering-pear,https://raw.githubusercontent.com/irmakerdem/tree-pal-api/main/assets/aristocrat-flowering/aristocrat-flowering-peartree-600x600.webp,https://raw.githubusercontent.com/irmakerdem/tree-pal-api/main/assets/aristocrat-flowering/aristocrat-flowering-image-1.jpg,https://raw.githubusercontent.com/irmakerdem/tree-pal-api/main/assets/aristocrat-flowering/aristrocrat-flowering-pear-800x800.webp,https://raw.githubusercontent.com/irmakerdem/tree-pal-api/main/assets/aristocrat-flowering/aristrocrat-flowering-pear-blooms-600x600.webp,N/A
44,6,Aristocrat Flowering Pear,Pyrus calleryana 'Aristocrat',Gorgeous Fall Color,"Tidy, Formal Profile",Strong Branch Structure,Versatile Small Shade Tree,White flowers,Beautiful Fall Colors,4-9,Full Sun,Widely Adaptable,25 - 40 feet,20 - 30 feet,Fast,White,Green,"Yellow, Red, Burgundy / Purple",Yes,https://www.naturehills.com/aristocrat-flowering-pear,https://raw.githubusercontent.com/irmakerdem/tree-pal-api/main/assets/aristocrat-flowering/aristocrat-flowering-peartree-600x600.webp,https://raw.githubusercontent.com/irmakerdem/tree-pal-api/main/assets/aristocrat-flowering/aristocrat-flowering-image-1.jpg,https://raw.githubusercontent.com/irmakerdem/tree-pal-api/main/assets/aristocrat-flowering/aristrocrat-flowering-pear-800x800.webp,https://raw.githubusercontent.com/irmakerdem/tree-pal-api/main/assets/aristocrat-flowering/aristrocrat-flowering-pear-blooms-600x600.webp,N/A
45,7,Aristocrat Flowering Pear,Pyrus calleryana 'Aristocrat',Gorgeous Fall Color,"Tidy, Formal Profile",Strong Branch Structure,Versatile Small Shade Tree,White flowers,Beautiful Fall Colors,4-9,Full Sun,Widely Adaptable,25 - 40 feet,20 - 30 feet,Fast,White,Green,"Yellow, Red, Burgundy / Purple",Yes,https://www.naturehills.com/aristocrat-flowering-pear,https://raw.githubusercontent.com/irmakerdem/tree-pal-api/main/assets/aristocrat-flowering/aristocrat-flowering-peartree-600x600.webp,https://raw.githubusercontent.com/irmakerdem/tree-pal-api/main/assets/aristocrat-flowering/aristocrat-flowering-image-1.jpg,https://raw.githubusercontent.com/irmakerdem/tree-pal-api/main/assets/aristocrat-flowering/aristrocrat-flowering-pear-800x800.webp,https://raw.githubusercontent.com/irmakerdem/tree-pal-api/main/assets/aristocrat-flowering/aristrocrat-flowering-pear-blooms-600x600.webp,N/A
46,8,Aristocrat Flowering Pear,Pyrus calleryana 'Aristocrat',Gorgeous Fall Color,"Tidy, Formal Profile",Strong Branch Structure,Versatile Small Shade Tree,White flowers,Beautiful Fall Colors,4-9,Full Sun,Widely Adaptable,25 - 40 feet,20 - 30 feet,Fast,White,Green,"Yellow, Red, Burgundy / Purple",Yes,https://www.naturehills.com/aristocrat-flowering-pear,https://raw.githubusercontent.com/irmakerdem/tree-pal-api/main/assets/aristocrat-flowering/aristocrat-flowering-peartree-600x600.webp,https://raw.githubusercontent.com/irmakerdem/tree-pal-api/main/assets/aristocrat-flowering/aristocrat-flowering-image-1.jpg,https://raw.githubusercontent.com/irmakerdem/tree-pal-api/main/assets/aristocrat-flowering/aristrocrat-flowering-pear-800x800.webp,https://raw.githubusercontent.com/irmakerdem/tree-pal-api/main/assets/aristocrat-flowering/aristrocrat-flowering-pear-blooms-600x600.webp,N/A
47,9,Aristocrat Flowering Pear,Pyrus calleryana 'Aristocrat',Gorgeous Fall Color,"Tidy, Formal Profile",Strong Branch Structure,Versatile Small Shade Tree,White flowers,Beautiful Fall Colors,4-9,Full Sun,Widely Adaptable,25 - 40 feet,20 - 30 feet,Fast,White,Green,"Yellow, Red, Burgundy / Purple",Yes,https://www.naturehills.com/aristocrat-flowering-pear,https://raw.githubusercontent.com/irmakerdem/tree-pal-api/main/assets/aristocrat-flowering/aristocrat-flowering-peartree-600x600.webp,https://raw.githubusercontent.com/irmakerdem/tree-pal-api/main/assets/aristocrat-flowering/aristocrat-flowering-image-1.jpg,https://raw.githubusercontent.com/irmakerdem/tree-pal-api/main/assets/aristocrat-flowering/aristrocrat-flowering-pear-800x800.webp,https://raw.githubusercontent.com/irmakerdem/tree-pal-api/main/assets/aristocrat-flowering/aristrocrat-flowering-pear-blooms-600x600.webp,N/A
48,3,Autumn Brilliance Serviceberry,Amelanchier x grandiflora 'Autumn Brilliance',Native Tree with Four Seasons of Interest,Superb Size for Smaller Lots,"Pink Buds Open to Masses of Lacy, White Flowers",Butterflies and Beneficial Pollinators Adore the Delicate Blooms,Wonderful Food Source for Birds,Native Disease-Resistance,3-9,"Full Sun, Partial Shade",Well Drained,20 - 25 feet,15 - 20 feet,Medium,White,Blue-Green,"Orange, Red",Yes,https://www.naturehills.com/autumn-brilliance-serviceberry,https://raw.githubusercontent.com/irmakerdem/tree-pal-api/main/assets/autumn-brilliance/autumn-brilliance-serviceberry-multi-stemmed.webp,https://raw.githubusercontent.com/irmakerdem/tree-pal-api/main/assets/autumn-brilliance/autumn-brilliance-serviceberry-blooms.webp,https://raw.githubusercontent.com/irmakerdem/tree-pal-api/main/assets/autumn-brilliance/autumn-brilliance-serviceberry-full-600x600.webp,https://raw.githubusercontent.com/irmakerdem/tree-pal-api/main/assets/autumn-brilliance/autumn-brilliance-serviceberry-4-800x800.webp,https://raw.githubusercontent.com/irmakerdem/tree-pal-api/main/assets/autumn-brilliance/autumn-brilliance-serviceberry-fall-color.webp
49,4,Autumn Brilliance Serviceberry,Amelanchier x grandiflora 'Autumn Brilliance',Native Tree with Four Seasons of Interest,Superb Size for Smaller Lots,"Pink Buds Open to Masses of Lacy, White Flowers",Butterflies and Beneficial Pollinators Adore the Delicate Blooms,Wonderful Food Source for Birds,Native Disease-Resistance,3-9,"Full Sun, Partial Shade",Well Drained,20 - 25 feet,15 - 20 feet,Medium,White,Blue-Green,"Orange, Red",Yes,https://www.naturehills.com/autumn-brilliance-serviceberry,https://raw.githubusercontent.com/irmakerdem/tree-pal-api/main/assets/autumn-brilliance/autumn-brilliance-serviceberry-multi-stemmed.webp,https://raw.githubusercontent.com/irmakerdem/tree-pal-api/main/assets/autumn-brilliance/autumn-brilliance-serviceberry-blooms.webp,https://raw.githubusercontent.com/irmakerdem/tree-pal-api/main/assets/autumn-brilliance/autumn-brilliance-serviceberry-full-600x600.webp,https://raw.githubusercontent.com/irmakerdem/tree-pal-api/main/assets/autumn-brilliance/autumn-brilliance-serviceberry-4-800x800.webp,https://raw.githubusercontent.com/irmakerdem/tree-pal-api/main/assets/autumn-brilliance/autumn-brilliance-serviceberry-fall-color.webp
50,5,Autumn Brilliance Serviceberry,Amelanchier x grandiflora 'Autumn Brilliance',Native Tree with Four Seasons of Interest,Superb Size for Smaller Lots,"Pink Buds Open to Masses of Lacy, White Flowers",Butterflies and Beneficial Pollinators Adore the Delicate Blooms,Wonderful Food Source for Birds,Native Disease-Resistance,3-9,"Full Sun, Partial Shade",Well Drained,20 - 25 feet,15 - 20 feet,Medium,White,Blue-Green,"Orange, Red",Yes,https://www.naturehills.com/autumn-brilliance-serviceberry,https://raw.githubusercontent.com/irmakerdem/tree-pal-api/main/assets/autumn-brilliance/autumn-brilliance-serviceberry-multi-stemmed.webp,https://raw.githubusercontent.com/irmakerdem/tree-pal-api/main/assets/autumn-brilliance/autumn-brilliance-serviceberry-blooms.webp,https://raw.githubusercontent.com/irmakerdem/tree-pal-api/main/assets/autumn-brilliance/autumn-brilliance-serviceberry-full-600x600.webp,https://raw.githubusercontent.com/irmakerdem/tree-pal-api/main/assets/autumn-brilliance/autumn-brilliance-serviceberry-4-800x800.webp,https://raw.githubusercontent.com/irmakerdem/tree-pal-api/main/assets/autumn-brilliance/autumn-brilliance-serviceberry-fall-color.webp
51,6,Autumn Brilliance Serviceberry,Amelanchier x grandiflora 'Autumn Brilliance',Native Tree with Four Seasons of Interest,Superb Size for Smaller Lots,"Pink Buds Open to Masses of Lacy, White Flowers",Butterflies and Beneficial Pollinators Adore the Delicate Blooms,Wonderful Food Source for Birds,Native Disease-Resistance,3-9,"Full Sun, Partial Shade",Well Drained,20 - 25 feet,15 - 20 feet,Medium,White,Blue-Green,"Orange, Red",Yes,https://www.naturehills.com/autumn-brilliance-serviceberry,https://raw.githubusercontent.com/irmakerdem/tree-pal-api/main/assets/autumn-brilliance/autumn-brilliance-serviceberry-multi-stemmed.webp,https://raw.githubusercontent.com/irmakerdem/tree-pal-api/main/assets/autumn-brilliance/autumn-brilliance-serviceberry-blooms.webp,https://raw.githubusercontent.com/irmakerdem/tree-pal-api/main/assets/autumn-brilliance/autumn-brilliance-serviceberry-full-600x600.webp,https://raw.githubusercontent.com/irmakerdem/tree-pal-api/main/assets/autumn-brilliance/autumn-brilliance-serviceberry-4-800x800.webp,https://raw.githubusercontent.com/irmakerdem/tree-pal-api/main/assets/autumn-brilliance/autumn-brilliance-serviceberry-fall-color.webp
52,7,Autumn Brilliance Serviceberry,Amelanchier x grandiflora 'Autumn Brilliance',Native Tree with Four Seasons of Interest,Superb Size for Smaller Lots,"Pink Buds Open to Masses of Lacy, White Flowers",Butterflies and Beneficial Pollinators Adore the Delicate Blooms,Wonderful Food Source for Birds,Native Disease-Resistance,3-9,"Full Sun, Partial Shade",Well Drained,20 - 25 feet,15 - 20 feet,Medium,White,Blue-Green,"Orange, Red",Yes,https://www.naturehills.com/autumn-brilliance-serviceberry,https://raw.githubusercontent.com/irmakerdem/tree-pal-api/main/assets/autumn-brilliance/autumn-brilliance-serviceberry-multi-stemmed.webp,https://raw.githubusercontent.com/irmakerdem/tree-pal-api/main/assets/autumn-brilliance/autumn-brilliance-serviceberry-blooms.webp,https://raw.githubusercontent.com/irmakerdem/tree-pal-api/main/assets/autumn-brilliance/autumn-brilliance-serviceberry-full-600x600.webp,https://raw.githubusercontent.com/irmakerdem/tree-pal-api/main/assets/autumn-brilliance/autumn-brilliance-serviceberry-4-800x800.webp,https://raw.githubusercontent.com/irmakerdem/tree-pal-api/main/assets/autumn-brilliance/autumn-brilliance-serviceberry-fall-color.webp
53,8,Autumn Brilliance Serviceberry,Amelanchier x grandiflora 'Autumn Brilliance',Native Tree with Four Seasons of Interest,Superb Size for Smaller Lots,"Pink Buds Open to Masses of Lacy, White Flowers",Butterflies and Beneficial Pollinators Adore the Delicate Blooms,Wonderful Food Source for Birds,Native Disease-Resistance,3-9,"Full Sun, Partial Shade",Well Drained,20 - 25 feet,15 - 20 feet,Medium,White,Blue-Green,"Orange, Red",Yes,https://www.naturehills.com/autumn-brilliance-serviceberry,https://raw.githubusercontent.com/irmakerdem/tree-pal-api/main/assets/autumn-brilliance/autumn-brilliance-serviceberry-multi-stemmed.webp,https://raw.githubusercontent.com/irmakerdem/tree-pal-api/main/assets/autumn-brilliance/autumn-brilliance-serviceberry-blooms.webp,https://raw.githubusercontent.com/irmakerdem/tree-pal-api/main/assets/autumn-brilliance/autumn-brilliance-serviceberry-full-600x600.webp,https://raw.githubusercontent.com/irmakerdem/tree-pal-api/main/assets/autumn-brilliance/autumn-brilliance-serviceberry-4-800x800.webp,https://raw.githubusercontent.com/irmakerdem/tree-pal-api/main/assets/autumn-brilliance/autumn-brilliance-serviceberry-fall-color.webp
54,9,Autumn Brilliance Serviceberry,Amelanchier x grandiflora 'Autumn Brilliance',Native Tree with Four Seasons of Interest,Superb Size for Smaller Lots,"Pink Buds Open to Masses of Lacy, White Flowers",Butterflies and Beneficial Pollinators Adore the Delicate Blooms,Wonderful Food Source for Birds,Native Disease-Resistance,3-9,"Full Sun, Partial Shade",Well Drained,20 - 25 feet,15 - 20 feet,Medium,White,Blue-Green,"Orange, Red",Yes,https://www.naturehills.com/autumn-brilliance-serviceberry,https://raw.githubusercontent.com/irmakerdem/tree-pal-api/main/assets/autumn-brilliance/autumn-brilliance-serviceberry-multi-stemmed.webp,https://raw.githubusercontent.com/irmakerdem/tree-pal-api/main/assets/autumn-brilliance/autumn-brilliance-serviceberry-blooms.webp,https://raw.githubusercontent.com/irmakerdem/tree-pal-api/main/assets/autumn-brilliance/autumn-brilliance-serviceberry-full-600x600.webp,https://raw.githubusercontent.com/irmakerdem/tree-pal-api/main/assets/autumn-brilliance/autumn-brilliance-serviceberry-4-800x800.webp,https://raw.githubusercontent.com/irmakerdem/tree-pal-api/main/assets/autumn-brilliance/autumn-brilliance-serviceberry-fall-color.webp
,,,,,,,,,,,,,,,,,,,,,,,,https://raw.githubusercontent.com/irmakerdem/tree-pal-api/main/assets/autumn-brilliance/autumn-brilliance-serviceberry-multi-stemmed.webp,