ID,growing zone,tree name,botanical name,overview description,sun preference,soil preference,mature height,mature spread,growth speed,flower color,foliage color,fall color,pollinator friendly,outgoing link,main_tree_image,tree_image_1,tree_image_2,tree_image_3,tree_image_4
1,4,Jane Magnolia Tree,Magnolia x 'Jane',"<ul>
<li>Beautiful, Fragrant Spring Flowers</li>
<li>Small Tree or Large Hedge</li>
<li>Blooms a Bit Later Than Other Magnolias</li>
<li>Long-Lasting</li>
<li>Reddish-Purple Tulip-Shaped Blooms</li>
<li>Hardy & Adaptable</li>
<li>Care-Free</li>
<li>Attractive Foliage</li>
<li>Specimen Plant or Privacy Hedge!</li>
</ul>","Full Sun, Partial Shade",Widely Adaptable,10 - 15 Feet,8 - 10 Feet,Medium,"Pink, White",Green,Orange,Yes,https://www.naturehills.com/magnolia-x-jane,https://raw.githubusercontent.com/irmakerdem/tree-pal-api/main/assets/jane-magnolia/jane-magnolia-tree-near-a-house-425x425_1.webp,https://raw.githubusercontent.com/irmakerdem/tree-pal-api/main/assets/jane-magnolia/jane-magnolia-side-view-600x600.webp,https://raw.githubusercontent.com/irmakerdem/tree-pal-api/main/assets/jane-magnolia/jane-magnolia-flower-bunch-600x600.webp,https://raw.githubusercontent.com/irmakerdem/tree-pal-api/main/assets/jane-magnolia/jane-magnolia-bloom-600x600.webp,N/A
2,5,Jane Magnolia Tree,Magnolia x 'Jane',"<ul>
<li>Beautiful, Fragrant Spring Flowers</li>
<li>Small Tree or Large Hedge</li>
<li>Blooms a Bit Later Than Other Magnolias</li>
<li>Long-Lasting</li>
<li>Reddish-Purple Tulip-Shaped Blooms</li>
<li>Hardy & Adaptable</li>
<li>Care-Free</li>
<li>Attractive Foliage</li>
<li>Specimen Plant or Privacy Hedge!</li>
</ul>","Full Sun, Partial Shade",Widely Adaptable,10 - 15 Feet,8 - 10 Feet,Medium,"Pink, White",Green,Orange,Yes,https://www.naturehills.com/magnolia-x-jane,https://raw.githubusercontent.com/irmakerdem/tree-pal-api/main/assets/jane-magnolia/jane-magnolia-tree-near-a-house-425x425_1.webp,https://raw.githubusercontent.com/irmakerdem/tree-pal-api/main/assets/jane-magnolia/jane-magnolia-side-view-600x600.webp,https://raw.githubusercontent.com/irmakerdem/tree-pal-api/main/assets/jane-magnolia/jane-magnolia-flower-bunch-600x600.webp,https://raw.githubusercontent.com/irmakerdem/tree-pal-api/main/assets/jane-magnolia/jane-magnolia-bloom-600x600.webp,N/A
3,6,Jane Magnolia Tree,Magnolia x 'Jane',"<ul>
<li>Beautiful, Fragrant Spring Flowers</li>
<li>Small Tree or Large Hedge</li>
<li>Blooms a Bit Later Than Other Magnolias</li>
<li>Long-Lasting</li>
<li>Reddish-Purple Tulip-Shaped Blooms</li>
<li>Hardy & Adaptable</li>
<li>Care-Free</li>
<li>Attractive Foliage</li>
<li>Specimen Plant or Privacy Hedge!</li>
</ul>","Full Sun, Partial Shade",Widely Adaptable,10 - 15 Feet,8 - 10 Feet,Medium,"Pink, White",Green,Orange,Yes,https://www.naturehills.com/magnolia-x-jane,https://raw.githubusercontent.com/irmakerdem/tree-pal-api/main/assets/jane-magnolia/jane-magnolia-tree-near-a-house-425x425_1.webp,https://raw.githubusercontent.com/irmakerdem/tree-pal-api/main/assets/jane-magnolia/jane-magnolia-side-view-600x600.webp,https://raw.githubusercontent.com/irmakerdem/tree-pal-api/main/assets/jane-magnolia/jane-magnolia-flower-bunch-600x600.webp,https://raw.githubusercontent.com/irmakerdem/tree-pal-api/main/assets/jane-magnolia/jane-magnolia-bloom-600x600.webp,N/A
4,7,Jane Magnolia Tree,Magnolia x 'Jane',"<ul>
<li>Beautiful, Fragrant Spring Flowers</li>
<li>Small Tree or Large Hedge</li>
<li>Blooms a Bit Later Than Other Magnolias</li>
<li>Long-Lasting</li>
<li>Reddish-Purple Tulip-Shaped Blooms</li>
<li>Hardy & Adaptable</li>
<li>Care-Free</li>
<li>Attractive Foliage</li>
<li>Specimen Plant or Privacy Hedge!</li>
</ul>","Full Sun, Partial Shade",Widely Adaptable,10 - 15 Feet,8 - 10 Feet,Medium,"Pink, White",Green,Orange,Yes,https://www.naturehills.com/magnolia-x-jane,https://raw.githubusercontent.com/irmakerdem/tree-pal-api/main/assets/jane-magnolia/jane-magnolia-tree-near-a-house-425x425_1.webp,https://raw.githubusercontent.com/irmakerdem/tree-pal-api/main/assets/jane-magnolia/jane-magnolia-side-view-600x600.webp,https://raw.githubusercontent.com/irmakerdem/tree-pal-api/main/assets/jane-magnolia/jane-magnolia-flower-bunch-600x600.webp,https://raw.githubusercontent.com/irmakerdem/tree-pal-api/main/assets/jane-magnolia/jane-magnolia-bloom-600x600.webp,N/A
5,8,Jane Magnolia Tree,Magnolia x 'Jane',"<ul>
<li>Beautiful, Fragrant Spring Flowers</li>
<li>Small Tree or Large Hedge</li>
<li>Blooms a Bit Later Than Other Magnolias</li>
<li>Long-Lasting</li>
<li>Reddish-Purple Tulip-Shaped Blooms</li>
<li>Hardy & Adaptable</li>
<li>Care-Free</li>
<li>Attractive Foliage</li>
<li>Specimen Plant or Privacy Hedge!</li>
</ul>","Full Sun, Partial Shade",Widely Adaptable,10 - 15 Feet,8 - 10 Feet,Medium,"Pink, White",Green,Orange,Yes,https://www.naturehills.com/magnolia-x-jane,https://raw.githubusercontent.com/irmakerdem/tree-pal-api/main/assets/jane-magnolia/jane-magnolia-tree-near-a-house-425x425_1.webp,https://raw.githubusercontent.com/irmakerdem/tree-pal-api/main/assets/jane-magnolia/jane-magnolia-side-view-600x600.webp,https://raw.githubusercontent.com/irmakerdem/tree-pal-api/main/assets/jane-magnolia/jane-magnolia-flower-bunch-600x600.webp,https://raw.githubusercontent.com/irmakerdem/tree-pal-api/main/assets/jane-magnolia/jane-magnolia-bloom-600x600.webp,N/A
6,5,Blue Chinese Wisteria Tree,Wisteria sinensis,"<ul>
<li>One of the World's Most Amazing Flower Displays</li>
<li>Fragrant Flowers</li>
<li>Easy to Grow</li>
<li>Disease Resistant</li>
<li>Drought Tolerant</li>
<ul>","Full Sun, Partial Shade",Widely Adaptable,10 - 15 Feet,10 - 12 Feet,Fast,Blue,Green,Yellow,Yes,https://www.naturehills.com/blue-chinese-wisteria,https://raw.githubusercontent.com/irmakerdem/tree-pal-api/main/assets/blue-chinese/blue_chinese_wisteria_tree_cropped.webp,https://raw.githubusercontent.com/irmakerdem/tree-pal-api/main/assets/blue-chinese/blue-chinese-wisteria-tree-600x600.webp,https://raw.githubusercontent.com/irmakerdem/tree-pal-api/main/assets/blue-chinese/blue_chinese_wisteria_bloooms2.webp,https://raw.githubusercontent.com/irmakerdem/tree-pal-api/main/assets/blue-chinese/blue-chinese-wisteria-close-up-600x600.webp,N/A
7,6,Blue Chinese Wisteria Tree,Wisteria sinensis,"<ul>
<li>One of the World's Most Amazing Flower Displays</li>
<li>Fragrant Flowers</li>
<li>Easy to Grow</li>
<li>Disease Resistant</li>
<li>Drought Tolerant</li>
<ul>","Full Sun, Partial Shade",Widely Adaptable,10 - 15 Feet,10 - 12 Feet,Fast,Blue,Green,Yellow,Yes,https://www.naturehills.com/blue-chinese-wisteria,https://raw.githubusercontent.com/irmakerdem/tree-pal-api/main/assets/blue-chinese/blue_chinese_wisteria_tree_cropped.webp,https://raw.githubusercontent.com/irmakerdem/tree-pal-api/main/assets/blue-chinese/blue-chinese-wisteria-tree-600x600.webp,https://raw.githubusercontent.com/irmakerdem/tree-pal-api/main/assets/blue-chinese/blue_chinese_wisteria_bloooms2.webp,https://raw.githubusercontent.com/irmakerdem/tree-pal-api/main/assets/blue-chinese/blue-chinese-wisteria-close-up-600x600.webp,N/A
8,7,Blue Chinese Wisteria Tree,Wisteria sinensis,"<ul>
<li>One of the World's Most Amazing Flower Displays</li>
<li>Fragrant Flowers</li>
<li>Easy to Grow</li>
<li>Disease Resistant</li>
<li>Drought Tolerant</li>
<ul>","Full Sun, Partial Shade",Widely Adaptable,10 - 15 Feet,10 - 12 Feet,Fast,Blue,Green,Yellow,Yes,https://www.naturehills.com/blue-chinese-wisteria,https://raw.githubusercontent.com/irmakerdem/tree-pal-api/main/assets/blue-chinese/blue_chinese_wisteria_tree_cropped.webp,https://raw.githubusercontent.com/irmakerdem/tree-pal-api/main/assets/blue-chinese/blue-chinese-wisteria-tree-600x600.webp,https://raw.githubusercontent.com/irmakerdem/tree-pal-api/main/assets/blue-chinese/blue_chinese_wisteria_bloooms2.webp,https://raw.githubusercontent.com/irmakerdem/tree-pal-api/main/assets/blue-chinese/blue-chinese-wisteria-close-up-600x600.webp,N/A
9,8,Blue Chinese Wisteria Tree,Wisteria sinensis,"<ul>
<li>One of the World's Most Amazing Flower Displays</li>
<li>Fragrant Flowers</li>
<li>Easy to Grow</li>
<li>Disease Resistant</li>
<li>Drought Tolerant</li>
<ul>","Full Sun, Partial Shade",Widely Adaptable,10 - 15 Feet,10 - 12 Feet,Fast,Blue,Green,Yellow,Yes,https://www.naturehills.com/blue-chinese-wisteria,https://raw.githubusercontent.com/irmakerdem/tree-pal-api/main/assets/blue-chinese/blue_chinese_wisteria_tree_cropped.webp,https://raw.githubusercontent.com/irmakerdem/tree-pal-api/main/assets/blue-chinese/blue-chinese-wisteria-tree-600x600.webp,https://raw.githubusercontent.com/irmakerdem/tree-pal-api/main/assets/blue-chinese/blue_chinese_wisteria_bloooms2.webp,https://raw.githubusercontent.com/irmakerdem/tree-pal-api/main/assets/blue-chinese/blue-chinese-wisteria-close-up-600x600.webp,N/A
10,9,Blue Chinese Wisteria Tree,Wisteria sinensis,"<ul>
<li>One of the World's Most Amazing Flower Displays</li>
<li>Fragrant Flowers</li>
<li>Easy to Grow</li>
<li>Disease Resistant</li>
<li>Drought Tolerant</li>
<ul>","Full Sun, Partial Shade",Widely Adaptable,10 - 15 Feet,10 - 12 Feet,Fast,Blue,Green,Yellow,Yes,https://www.naturehills.com/blue-chinese-wisteria,https://raw.githubusercontent.com/irmakerdem/tree-pal-api/main/assets/blue-chinese/blue_chinese_wisteria_tree_cropped.webp,https://raw.githubusercontent.com/irmakerdem/tree-pal-api/main/assets/blue-chinese/blue-chinese-wisteria-tree-600x600.webp,https://raw.githubusercontent.com/irmakerdem/tree-pal-api/main/assets/blue-chinese/blue_chinese_wisteria_bloooms2.webp,https://raw.githubusercontent.com/irmakerdem/tree-pal-api/main/assets/blue-chinese/blue-chinese-wisteria-close-up-600x600.webp,N/A
11,2,Colorado Spruce,Picea pungens,"<ul>
<li>Large Scale Conifer</li>
<li>Hardy & Easy-Care</li>
<li>Deer Resistant</li>
<li>Large, Impressive Specimen</li>
<li>Wild Bird Interest</li>
<li>Graceful Strength</li>
<li>Magnificent Wind Break</li>
<li>Tolerant & Resilient</li>
<li>Boughs For Floral Design</li>
<li>Historical Uses</li>
<ul>","Full Sun, Partial Shade",Well Drained,50 - 60 Feet,12 - 20 Feet,Slow,N/A,"Green, Blue",Evergreen,No,https://www.naturehills.com/colorado-spruce,https://raw.githubusercontent.com/irmakerdem/tree-pal-api/main/assets/colorado-spruce/3327-2_piceapungenscoloradospruce-600x600_1.webp,https://raw.githubusercontent.com/irmakerdem/tree-pal-api/main/assets/colorado-spruce/3327-3_piceapungenscoloradospruce-600x600_1.webp,https://raw.githubusercontent.com/irmakerdem/tree-pal-api/main/assets/colorado-spruce/3327-1_piceapungenscoloradospruce-600x600_1.webp,N/A,N/A
12,3,Colorado Spruce,Picea pungens,"<ul>
<li>Large Scale Conifer</li>
<li>Hardy & Easy-Care</li>
<li>Deer Resistant</li>
<li>Large, Impressive Specimen</li>
<li>Wild Bird Interest</li>
<li>Graceful Strength</li>
<li>Magnificent Wind Break</li>
<li>Tolerant & Resilient</li>
<li>Boughs For Floral Design</li>
<li>Historical Uses</li>
<ul>","Full Sun, Partial Shade",Well Drained,50 - 60 Feet,12 - 20 Feet,Slow,N/A,"Green, Blue",Evergreen,No,https://www.naturehills.com/colorado-spruce,https://raw.githubusercontent.com/irmakerdem/tree-pal-api/main/assets/colorado-spruce/3327-2_piceapungenscoloradospruce-600x600_1.webp,https://raw.githubusercontent.com/irmakerdem/tree-pal-api/main/assets/colorado-spruce/3327-3_piceapungenscoloradospruce-600x600_1.webp,https://raw.githubusercontent.com/irmakerdem/tree-pal-api/main/assets/colorado-spruce/3327-1_piceapungenscoloradospruce-600x600_1.webp,N/A,N/A
13,4,Colorado Spruce,Picea pungens,"<ul>
<li>Large Scale Conifer</li>
<li>Hardy & Easy-Care</li>
<li>Deer Resistant</li>
<li>Large, Impressive Specimen</li>
<li>Wild Bird Interest</li>
<li>Graceful Strength</li>
<li>Magnificent Wind Break</li>
<li>Tolerant & Resilient</li>
<li>Boughs For Floral Design</li>
<li>Historical Uses</li>
<ul>","Full Sun, Partial Shade",Well Drained,50 - 60 Feet,12 - 20 Feet,Slow,N/A,"Green, Blue",Evergreen,No,https://www.naturehills.com/colorado-spruce,https://raw.githubusercontent.com/irmakerdem/tree-pal-api/main/assets/colorado-spruce/3327-2_piceapungenscoloradospruce-600x600_1.webp,https://raw.githubusercontent.com/irmakerdem/tree-pal-api/main/assets/colorado-spruce/3327-3_piceapungenscoloradospruce-600x600_1.webp,https://raw.githubusercontent.com/irmakerdem/tree-pal-api/main/assets/colorado-spruce/3327-1_piceapungenscoloradospruce-600x600_1.webp,N/A,N/A
14,5,Colorado Spruce,Picea pungens,"<ul>
<li>Large Scale Conifer</li>
<li>Hardy & Easy-Care</li>
<li>Deer Resistant</li>
<li>Large, Impressive Specimen</li>
<li>Wild Bird Interest</li>
<li>Graceful Strength</li>
<li>Magnificent Wind Break</li>
<li>Tolerant & Resilient</li>
<li>Boughs For Floral Design</li>
<li>Historical Uses</li>
<ul>","Full Sun, Partial Shade",Well Drained,50 - 60 Feet,12 - 20 Feet,Slow,N/A,"Green, Blue",Evergreen,No,https://www.naturehills.com/colorado-spruce,https://raw.githubusercontent.com/irmakerdem/tree-pal-api/main/assets/colorado-spruce/3327-2_piceapungenscoloradospruce-600x600_1.webp,https://raw.githubusercontent.com/irmakerdem/tree-pal-api/main/assets/colorado-spruce/3327-3_piceapungenscoloradospruce-600x600_1.webp,https://raw.githubusercontent.com/irmakerdem/tree-pal-api/main/assets/colorado-spruce/3327-1_piceapungenscoloradospruce-600x600_1.webp,N/A,N/A
15,6,Colorado Spruce,Picea pungens,"<ul>
<li>Large Scale Conifer</li>
<li>Hardy & Easy-Care</li>
<li>Deer Resistant</li>
<li>Large, Impressive Specimen</li>
<li>Wild Bird Interest</li>
<li>Graceful Strength</li>
<li>Magnificent Wind Break</li>
<li>Tolerant & Resilient</li>
<li>Boughs For Floral Design</li>
<li>Historical Uses</li>
<ul>","Full Sun, Partial Shade",Well Drained,50 - 60 Feet,12 - 20 Feet,Slow,N/A,"Green, Blue",Evergreen,No,https://www.naturehills.com/colorado-spruce,https://raw.githubusercontent.com/irmakerdem/tree-pal-api/main/assets/colorado-spruce/3327-2_piceapungenscoloradospruce-600x600_1.webp,https://raw.githubusercontent.com/irmakerdem/tree-pal-api/main/assets/colorado-spruce/3327-3_piceapungenscoloradospruce-600x600_1.webp,https://raw.githubusercontent.com/irmakerdem/tree-pal-api/main/assets/colorado-spruce/3327-1_piceapungenscoloradospruce-600x600_1.webp,N/A,N/A
16,7,Colorado Spruce,Picea pungens,"<ul>
<li>Large Scale Conifer</li>
<li>Hardy & Easy-Care</li>
<li>Deer Resistant</li>
<li>Large, Impressive Specimen</li>
<li>Wild Bird Interest</li>
<li>Graceful Strength</li>
<li>Magnificent Wind Break</li>
<li>Tolerant & Resilient</li>
<li>Boughs For Floral Design</li>
<li>Historical Uses</li>
<ul>","Full Sun, Partial Shade",Well Drained,50 - 60 Feet,12 - 20 Feet,Slow,N/A,"Green, Blue",Evergreen,No,https://www.naturehills.com/colorado-spruce,https://raw.githubusercontent.com/irmakerdem/tree-pal-api/main/assets/colorado-spruce/3327-2_piceapungenscoloradospruce-600x600_1.webp,https://raw.githubusercontent.com/irmakerdem/tree-pal-api/main/assets/colorado-spruce/3327-3_piceapungenscoloradospruce-600x600_1.webp,https://raw.githubusercontent.com/irmakerdem/tree-pal-api/main/assets/colorado-spruce/3327-1_piceapungenscoloradospruce-600x600_1.webp,N/A,N/A
17,6,Okame Cherry Tree,Prunus x 'Okame',"<ul>
<li>Vivid Rosy Pink Blossoms in Early Spring</li>
<li>Blooms in Hot and Humid South, and Hot and Dry West</li>
<li>Fabulous Spring and Fall Color in the North</li>
<li>Specimen Tree</li>
<li>Requires Little Pruning</li>
<li>Celebrated at the Cherry Blossom Festival in Washington, D.C.</li>
<ul>","Full Sun, Partial Shade",Widely Adaptable,15 - 30 Feet,20 - 30 Feet,Medium,Pink,Green,"Yellow, Orange, Red",Yes,https://www.naturehills.com/okame-cherry,https://raw.githubusercontent.com/irmakerdem/tree-pal-api/main/assets/okame-cherry/okame-cherry-tree-600x600.webp,https://raw.githubusercontent.com/irmakerdem/tree-pal-api/main/assets/okame-cherry/okame-cherry-600x600.webp,https://raw.githubusercontent.com/irmakerdem/tree-pal-api/main/assets/okame-cherry/okame-cherry-tree-branches-600x600.webp,https://raw.githubusercontent.com/irmakerdem/tree-pal-api/main/assets/okame-cherry/okame-cherry-tree-close-up-600x600.webp,N/A
18,7,Okame Cherry Tree,Prunus x 'Okame',"<ul>
<li>Vivid Rosy Pink Blossoms in Early Spring</li>
<li>Blooms in Hot and Humid South, and Hot and Dry West</li>
<li>Fabulous Spring and Fall Color in the North</li>
<li>Specimen Tree</li>
<li>Requires Little Pruning</li>
<li>Celebrated at the Cherry Blossom Festival in Washington, D.C.</li>
<ul>","Full Sun, Partial Shade",Widely Adaptable,15 - 30 Feet,20 - 30 Feet,Medium,Pink,Green,"Yellow, Orange, Red",Yes,https://www.naturehills.com/okame-cherry,https://raw.githubusercontent.com/irmakerdem/tree-pal-api/main/assets/okame-cherry/okame-cherry-tree-600x600.webp,https://raw.githubusercontent.com/irmakerdem/tree-pal-api/main/assets/okame-cherry/okame-cherry-600x600.webp,https://raw.githubusercontent.com/irmakerdem/tree-pal-api/main/assets/okame-cherry/okame-cherry-tree-branches-600x600.webp,https://raw.githubusercontent.com/irmakerdem/tree-pal-api/main/assets/okame-cherry/okame-cherry-tree-close-up-600x600.webp,N/A
19,8,Okame Cherry Tree,Prunus x 'Okame',"<ul>
<li>Vivid Rosy Pink Blossoms in Early Spring</li>
<li>Blooms in Hot and Humid South, and Hot and Dry West</li>
<li>Fabulous Spring and Fall Color in the North</li>
<li>Specimen Tree</li>
<li>Requires Little Pruning</li>
<li>Celebrated at the Cherry Blossom Festival in Washington, D.C.</li>
<ul>","Full Sun, Partial Shade",Widely Adaptable,15 - 30 Feet,20 - 30 Feet,Medium,Pink,Green,"Yellow, Orange, Red",Yes,https://www.naturehills.com/okame-cherry,https://raw.githubusercontent.com/irmakerdem/tree-pal-api/main/assets/okame-cherry/okame-cherry-tree-600x600.webp,https://raw.githubusercontent.com/irmakerdem/tree-pal-api/main/assets/okame-cherry/okame-cherry-600x600.webp,https://raw.githubusercontent.com/irmakerdem/tree-pal-api/main/assets/okame-cherry/okame-cherry-tree-branches-600x600.webp,https://raw.githubusercontent.com/irmakerdem/tree-pal-api/main/assets/okame-cherry/okame-cherry-tree-close-up-600x600.webp,N/A
20,2,Quaking Aspen Tree,Populus Tremuloides 'Quaking',"<ul>
<li>Fast-Growing Native Plant</li>
<li>Wonderful Heart-Shaped Leaves</li>
<li>Useful Pyramidal Shape</li>
<li>Beautiful Fall Color</li>
<li>Adds Motion & Sound</li>
<li>Historical Uses</li>
<li>Beneficial To Wildlife</li>
<li>Long-Lived</li>
<li>Cold Hardy Nativer</li>
<li>Distinctive White Bark</li>
<ul>",Full Sun,Widely Adaptable,40 - 50 Feet,20 - 30 Feet,Fast,N/A,Dark Green,Yellow,Yes,https://www.naturehills.com/aspen-quaking,https://raw.githubusercontent.com/irmakerdem/tree-pal-api/main/assets/quaking-aspen/quaking_aspen_tree_600x600_1.webp,https://raw.githubusercontent.com/irmakerdem/tree-pal-api/main/assets/quaking-aspen/quaking-aspen-from-tim-357x357.webp,https://raw.githubusercontent.com/irmakerdem/tree-pal-api/main/assets/quaking-aspen/quaking-aspen_bark-closeup-600x600.webp,N/A,N/A
21,3,Quaking Aspen Tree,Populus Tremuloides 'Quaking',"<ul>
<li>Fast-Growing Native Plant</li>
<li>Wonderful Heart-Shaped Leaves</li>
<li>Useful Pyramidal Shape</li>
<li>Beautiful Fall Color</li>
<li>Adds Motion & Sound</li>
<li>Historical Uses</li>
<li>Beneficial To Wildlife</li>
<li>Long-Lived</li>
<li>Cold Hardy Nativer</li>
<li>Distinctive White Bark</li>
<ul>",Full Sun,Widely Adaptable,40 - 50 Feet,20 - 30 Feet,Fast,N/A,Dark Green,Yellow,Yes,https://www.naturehills.com/aspen-quaking,https://raw.githubusercontent.com/irmakerdem/tree-pal-api/main/assets/quaking-aspen/quaking_aspen_tree_600x600_1.webp,https://raw.githubusercontent.com/irmakerdem/tree-pal-api/main/assets/quaking-aspen/quaking-aspen-from-tim-357x357.webp,https://raw.githubusercontent.com/irmakerdem/tree-pal-api/main/assets/quaking-aspen/quaking-aspen_bark-closeup-600x600.webp,N/A,N/A
22,4,Quaking Aspen Tree,Populus Tremuloides 'Quaking',"<ul>
<li>Fast-Growing Native Plant</li>
<li>Wonderful Heart-Shaped Leaves</li>
<li>Useful Pyramidal Shape</li>
<li>Beautiful Fall Color</li>
<li>Adds Motion & Sound</li>
<li>Historical Uses</li>
<li>Beneficial To Wildlife</li>
<li>Long-Lived</li>
<li>Cold Hardy Nativer</li>
<li>Distinctive White Bark</li>
<ul>",Full Sun,Widely Adaptable,40 - 50 Feet,20 - 30 Feet,Fast,N/A,Dark Green,Yellow,Yes,https://www.naturehills.com/aspen-quaking,https://raw.githubusercontent.com/irmakerdem/tree-pal-api/main/assets/quaking-aspen/quaking_aspen_tree_600x600_1.webp,https://raw.githubusercontent.com/irmakerdem/tree-pal-api/main/assets/quaking-aspen/quaking-aspen-from-tim-357x357.webp,https://raw.githubusercontent.com/irmakerdem/tree-pal-api/main/assets/quaking-aspen/quaking-aspen_bark-closeup-600x600.webp,N/A,N/A
23,5,Quaking Aspen Tree,Populus Tremuloides 'Quaking',"<ul>
<li>Fast-Growing Native Plant</li>
<li>Wonderful Heart-Shaped Leaves</li>
<li>Useful Pyramidal Shape</li>
<li>Beautiful Fall Color</li>
<li>Adds Motion & Sound</li>
<li>Historical Uses</li>
<li>Beneficial To Wildlife</li>
<li>Long-Lived</li>
<li>Cold Hardy Nativer</li>
<li>Distinctive White Bark</li>
<ul>",Full Sun,Widely Adaptable,40 - 50 Feet,20 - 30 Feet,Fast,N/A,Dark Green,Yellow,Yes,https://www.naturehills.com/aspen-quaking,https://raw.githubusercontent.com/irmakerdem/tree-pal-api/main/assets/quaking-aspen/quaking_aspen_tree_600x600_1.webp,https://raw.githubusercontent.com/irmakerdem/tree-pal-api/main/assets/quaking-aspen/quaking-aspen-from-tim-357x357.webp,https://raw.githubusercontent.com/irmakerdem/tree-pal-api/main/assets/quaking-aspen/quaking-aspen_bark-closeup-600x600.webp,N/A,N/A
24,6,Quaking Aspen Tree,Populus Tremuloides 'Quaking',"<ul>
<li>Fast-Growing Native Plant</li>
<li>Wonderful Heart-Shaped Leaves</li>
<li>Useful Pyramidal Shape</li>
<li>Beautiful Fall Color</li>
<li>Adds Motion & Sound</li>
<li>Historical Uses</li>
<li>Beneficial To Wildlife</li>
<li>Long-Lived</li>
<li>Cold Hardy Nativer</li>
<li>Distinctive White Bark</li>
<ul>",Full Sun,Widely Adaptable,40 - 50 Feet,20 - 30 Feet,Fast,N/A,Dark Green,Yellow,Yes,https://www.naturehills.com/aspen-quaking,https://raw.githubusercontent.com/irmakerdem/tree-pal-api/main/assets/quaking-aspen/quaking_aspen_tree_600x600_1.webp,https://raw.githubusercontent.com/irmakerdem/tree-pal-api/main/assets/quaking-aspen/quaking-aspen-from-tim-357x357.webp,https://raw.githubusercontent.com/irmakerdem/tree-pal-api/main/assets/quaking-aspen/quaking-aspen_bark-closeup-600x600.webp,N/A,N/A
25,4,Autumn Blaze Maple,Acer x freemanii 'Jeffersred',"<ul>
<li>Improved Variety of Maple</li>
<li>Disease and Pest Resistant</li>
<li>Wonderful Shade Tree</li>
<li>Award Winner</li>
<li>Tried and True</li>
<ul>",Full Sun,Widely Adaptable,40 - 60 Feet,40 - 60 Feet,Fast,Red,Green,Red,Yes,https://www.naturehills.com/autumn-blaze-red-maple,https://raw.githubusercontent.com/irmakerdem/tree-pal-api/main/assets/autumn-blaze/autumn-blaze-full-trees-2-800x800_1.webp,https://raw.githubusercontent.com/irmakerdem/tree-pal-api/main/assets/autumn-blaze/autumn-blaze-close-up-leaves_1.webp,https://raw.githubusercontent.com/irmakerdem/tree-pal-api/main/assets/autumn-blaze/autumn-blaze-maple-600x600_1.webp,N/A,N/A
26,5,Autumn Blaze Maple,Acer x freemanii 'Jeffersred',"<ul>
<li>Improved Variety of Maple</li>
<li>Disease and Pest Resistant</li>
<li>Wonderful Shade Tree</li>
<li>Award Winner</li>
<li>Tried and True</li>
<ul>",Full Sun,Widely Adaptable,40 - 60 Feet,40 - 60 Feet,Fast,Red,Green,Red,Yes,https://www.naturehills.com/autumn-blaze-red-maple,https://raw.githubusercontent.com/irmakerdem/tree-pal-api/main/assets/autumn-blaze/autumn-blaze-full-trees-2-800x800_1.webp,https://raw.githubusercontent.com/irmakerdem/tree-pal-api/main/assets/autumn-blaze/autumn-blaze-close-up-leaves_1.webp,https://raw.githubusercontent.com/irmakerdem/tree-pal-api/main/assets/autumn-blaze/autumn-blaze-maple-600x600_1.webp,N/A,N/A
27,6,Autumn Blaze Maple,Acer x freemanii 'Jeffersred',"<ul>
<li>Improved Variety of Maple</li>
<li>Disease and Pest Resistant</li>
<li>Wonderful Shade Tree</li>
<li>Award Winner</li>
<li>Tried and True</li>
<ul>",Full Sun,Widely Adaptable,40 - 60 Feet,40 - 60 Feet,Fast,Red,Green,Red,Yes,https://www.naturehills.com/autumn-blaze-red-maple,https://raw.githubusercontent.com/irmakerdem/tree-pal-api/main/assets/autumn-blaze/autumn-blaze-full-trees-2-800x800_1.webp,https://raw.githubusercontent.com/irmakerdem/tree-pal-api/main/assets/autumn-blaze/autumn-blaze-close-up-leaves_1.webp,https://raw.githubusercontent.com/irmakerdem/tree-pal-api/main/assets/autumn-blaze/autumn-blaze-maple-600x600_1.webp,N/A,N/A
28,7,Autumn Blaze Maple,Acer x freemanii 'Jeffersred',"<ul>
<li>Improved Variety of Maple</li>
<li>Disease and Pest Resistant</li>
<li>Wonderful Shade Tree</li>
<li>Award Winner</li>
<li>Tried and True</li>
<ul>",Full Sun,Widely Adaptable,40 - 60 Feet,40 - 60 Feet,Fast,Red,Green,Red,Yes,https://www.naturehills.com/autumn-blaze-red-maple,https://raw.githubusercontent.com/irmakerdem/tree-pal-api/main/assets/autumn-blaze/autumn-blaze-full-trees-2-800x800_1.webp,https://raw.githubusercontent.com/irmakerdem/tree-pal-api/main/assets/autumn-blaze/autumn-blaze-close-up-leaves_1.webp,https://raw.githubusercontent.com/irmakerdem/tree-pal-api/main/assets/autumn-blaze/autumn-blaze-maple-600x600_1.webp,N/A,N/A
29,8,Autumn Blaze Maple,Acer x freemanii 'Jeffersred',"<ul>
<li>Improved Variety of Maple</li>
<li>Disease and Pest Resistant</li>
<li>Wonderful Shade Tree</li>
<li>Award Winner</li>
<li>Tried and True</li>
<ul>",Full Sun,Widely Adaptable,40 - 60 Feet,40 - 60 Feet,Fast,Red,Green,Red,Yes,https://www.naturehills.com/autumn-blaze-red-maple,https://raw.githubusercontent.com/irmakerdem/tree-pal-api/main/assets/autumn-blaze/autumn-blaze-full-trees-2-800x800_1.webp,https://raw.githubusercontent.com/irmakerdem/tree-pal-api/main/assets/autumn-blaze/autumn-blaze-close-up-leaves_1.webp,https://raw.githubusercontent.com/irmakerdem/tree-pal-api/main/assets/autumn-blaze/autumn-blaze-maple-600x600_1.webp,N/A,N/A
30,3,Eastern Red Cedar,Juniperus virginiana,"<ul>
<li>Native Evergreen</li>
<li>Tough, Durable and Drought Resistant</li>
<li>Wildlife Cover and Bird Magnet</li>
<li>Wonderful Texture</li>
<li>Aromatic Wood</li>
<ul>","Full Sun, Partial Shade",Widely Adaptable,40 - 60 Feet,10 - 20 Feet,Medium,N/A,Green,Evergreen,No,https://www.naturehills.com/eastern-red-cedar,https://raw.githubusercontent.com/irmakerdem/tree-pal-api/main/assets/eastern-red/eastern_red_cedar_tree_600x600_1.webp,https://raw.githubusercontent.com/irmakerdem/tree-pal-api/main/assets/eastern-red/eastern_red_cedar_cones_web.webp,https://raw.githubusercontent.com/irmakerdem/tree-pal-api/main/assets/eastern-red/eastern-red-cedar-tree-close-up-600x600.webp,https://raw.githubusercontent.com/irmakerdem/tree-pal-api/main/assets/eastern-red/eastern_red_cedar_tree_600x600_3.webp,N/A
31,4,Eastern Red Cedar,Juniperus virginiana,"<ul>
<li>Native Evergreen</li>
<li>Tough, Durable and Drought Resistant</li>
<li>Wildlife Cover and Bird Magnet</li>
<li>Wonderful Texture</li>
<li>Aromatic Wood</li>
<ul>","Full Sun, Partial Shade",Widely Adaptable,40 - 60 Feet,10 - 20 Feet,Medium,N/A,Green,Evergreen,No,https://www.naturehills.com/eastern-red-cedar,https://raw.githubusercontent.com/irmakerdem/tree-pal-api/main/assets/eastern-red/eastern_red_cedar_tree_600x600_1.webp,https://raw.githubusercontent.com/irmakerdem/tree-pal-api/main/assets/eastern-red/eastern_red_cedar_cones_web.webp,https://raw.githubusercontent.com/irmakerdem/tree-pal-api/main/assets/eastern-red/eastern-red-cedar-tree-close-up-600x600.webp,https://raw.githubusercontent.com/irmakerdem/tree-pal-api/main/assets/eastern-red/eastern_red_cedar_tree_600x600_3.webp,N/A
32,5,Eastern Red Cedar,Juniperus virginiana,"<ul>
<li>Native Evergreen</li>
<li>Tough, Durable and Drought Resistant</li>
<li>Wildlife Cover and Bird Magnet</li>
<li>Wonderful Texture</li>
<li>Aromatic Wood</li>
<ul>","Full Sun, Partial Shade",Widely Adaptable,40 - 60 Feet,10 - 20 Feet,Medium,N/A,Green,Evergreen,No,https://www.naturehills.com/eastern-red-cedar,https://raw.githubusercontent.com/irmakerdem/tree-pal-api/main/assets/eastern-red/eastern_red_cedar_tree_600x600_1.webp,https://raw.githubusercontent.com/irmakerdem/tree-pal-api/main/assets/eastern-red/eastern_red_cedar_cones_web.webp,https://raw.githubusercontent.com/irmakerdem/tree-pal-api/main/assets/eastern-red/eastern-red-cedar-tree-close-up-600x600.webp,https://raw.githubusercontent.com/irmakerdem/tree-pal-api/main/assets/eastern-red/eastern_red_cedar_tree_600x600_3.webp,N/A
33,6,Eastern Red Cedar,Juniperus virginiana,"<ul>
<li>Native Evergreen</li>
<li>Tough, Durable and Drought Resistant</li>
<li>Wildlife Cover and Bird Magnet</li>
<li>Wonderful Texture</li>
<li>Aromatic Wood</li>
<ul>","Full Sun, Partial Shade",Widely Adaptable,40 - 60 Feet,10 - 20 Feet,Medium,N/A,Green,Evergreen,No,https://www.naturehills.com/eastern-red-cedar,https://raw.githubusercontent.com/irmakerdem/tree-pal-api/main/assets/eastern-red/eastern_red_cedar_tree_600x600_1.webp,https://raw.githubusercontent.com/irmakerdem/tree-pal-api/main/assets/eastern-red/eastern_red_cedar_cones_web.webp,https://raw.githubusercontent.com/irmakerdem/tree-pal-api/main/assets/eastern-red/eastern-red-cedar-tree-close-up-600x600.webp,https://raw.githubusercontent.com/irmakerdem/tree-pal-api/main/assets/eastern-red/eastern_red_cedar_tree_600x600_3.webp,N/A
34,7,Eastern Red Cedar,Juniperus virginiana,"<ul>
<li>Native Evergreen</li>
<li>Tough, Durable and Drought Resistant</li>
<li>Wildlife Cover and Bird Magnet</li>
<li>Wonderful Texture</li>
<li>Aromatic Wood</li>
<ul>","Full Sun, Partial Shade",Widely Adaptable,40 - 60 Feet,10 - 20 Feet,Medium,N/A,Green,Evergreen,No,https://www.naturehills.com/eastern-red-cedar,https://raw.githubusercontent.com/irmakerdem/tree-pal-api/main/assets/eastern-red/eastern_red_cedar_tree_600x600_1.webp,https://raw.githubusercontent.com/irmakerdem/tree-pal-api/main/assets/eastern-red/eastern_red_cedar_cones_web.webp,https://raw.githubusercontent.com/irmakerdem/tree-pal-api/main/assets/eastern-red/eastern-red-cedar-tree-close-up-600x600.webp,https://raw.githubusercontent.com/irmakerdem/tree-pal-api/main/assets/eastern-red/eastern_red_cedar_tree_600x600_3.webp,N/A
35,8,Eastern Red Cedar,Juniperus virginiana,"<ul>
<li>Native Evergreen</li>
<li>Tough, Durable and Drought Resistant</li>
<li>Wildlife Cover and Bird Magnet</li>
<li>Wonderful Texture</li>
<li>Aromatic Wood</li>
<ul>","Full Sun, Partial Shade",Widely Adaptable,40 - 60 Feet,10 - 20 Feet,Medium,N/A,Green,Evergreen,No,https://www.naturehills.com/eastern-red-cedar,https://raw.githubusercontent.com/irmakerdem/tree-pal-api/main/assets/eastern-red/eastern_red_cedar_tree_600x600_1.webp,https://raw.githubusercontent.com/irmakerdem/tree-pal-api/main/assets/eastern-red/eastern_red_cedar_cones_web.webp,https://raw.githubusercontent.com/irmakerdem/tree-pal-api/main/assets/eastern-red/eastern-red-cedar-tree-close-up-600x600.webp,https://raw.githubusercontent.com/irmakerdem/tree-pal-api/main/assets/eastern-red/eastern_red_cedar_tree_600x600_3.webp,N/A
36,9,Eastern Red Cedar,Juniperus virginiana,"<ul>
<li>Native Evergreen</li>
<li>Tough, Durable and Drought Resistant</li>
<li>Wildlife Cover and Bird Magnet</li>
<li>Wonderful Texture</li>
<li>Aromatic Wood</li>
<ul>","Full Sun, Partial Shade",Widely Adaptable,40 - 60 Feet,10 - 20 Feet,Medium,N/A,Green,Evergreen,No,https://www.naturehills.com/eastern-red-cedar,https://raw.githubusercontent.com/irmakerdem/tree-pal-api/main/assets/eastern-red/eastern_red_cedar_tree_600x600_1.webp,https://raw.githubusercontent.com/irmakerdem/tree-pal-api/main/assets/eastern-red/eastern_red_cedar_cones_web.webp,https://raw.githubusercontent.com/irmakerdem/tree-pal-api/main/assets/eastern-red/eastern-red-cedar-tree-close-up-600x600.webp,https://raw.githubusercontent.com/irmakerdem/tree-pal-api/main/assets/eastern-red/eastern_red_cedar_tree_600x600_3.webp,N/A
37,6,Mimosa Tree,Albizia julibrissin 'Rosea',"<ul>
<li>Tropical Pink Blooms</li>
<li>Fern-Like Foliage</li>
<li>Drought & Heat Tolerant</li>
<li>Easy Care</li>
<li>Smaller Shade Tree</li>
<ul>",Full Sun,Widely Adaptable,20 - 35 feet,25 - 30 feet,Fast,Light Pink,Green,N/A,Yes,https://www.naturehills.com/mimosa-tree,https://raw.githubusercontent.com/irmakerdem/tree-pal-api/main/assets/mimosa-tree/mimosa-tree-albizia-julibrissin-tree-in-bloom-2-600x600.webp,https://raw.githubusercontent.com/irmakerdem/tree-pal-api/main/assets/mimosa-tree/mimosa-tree-3-800x800.webp,https://raw.githubusercontent.com/irmakerdem/tree-pal-api/main/assets/mimosa-tree/mimosa-tree-dreamstime_xxl_97814927-600x600.webp,N/A,N/A
38,7,Mimosa Tree,Albizia julibrissin 'Rosea',"<ul>
<li>Tropical Pink Blooms</li>
<li>Fern-Like Foliage</li>
<li>Drought & Heat Tolerant</li>
<li>Easy Care</li>
<li>Smaller Shade Tree</li>
<ul>",Full Sun,Widely Adaptable,20 - 35 feet,25 - 30 feet,Fast,Light Pink,Green,N/A,Yes,https://www.naturehills.com/mimosa-tree,https://raw.githubusercontent.com/irmakerdem/tree-pal-api/main/assets/mimosa-tree/mimosa-tree-albizia-julibrissin-tree-in-bloom-2-600x600.webp,https://raw.githubusercontent.com/irmakerdem/tree-pal-api/main/assets/mimosa-tree/mimosa-tree-3-800x800.webp,https://raw.githubusercontent.com/irmakerdem/tree-pal-api/main/assets/mimosa-tree/mimosa-tree-dreamstime_xxl_97814927-600x600.webp,N/A,N/A
39,8,Mimosa Tree,Albizia julibrissin 'Rosea',"<ul>
<li>Tropical Pink Blooms</li>
<li>Fern-Like Foliage</li>
<li>Drought & Heat Tolerant</li>
<li>Easy Care</li>
<li>Smaller Shade Tree</li>
<ul>",Full Sun,Widely Adaptable,20 - 35 feet,25 - 30 feet,Fast,Light Pink,Green,N/A,Yes,https://www.naturehills.com/mimosa-tree,https://raw.githubusercontent.com/irmakerdem/tree-pal-api/main/assets/mimosa-tree/mimosa-tree-albizia-julibrissin-tree-in-bloom-2-600x600.webp,https://raw.githubusercontent.com/irmakerdem/tree-pal-api/main/assets/mimosa-tree/mimosa-tree-3-800x800.webp,https://raw.githubusercontent.com/irmakerdem/tree-pal-api/main/assets/mimosa-tree/mimosa-tree-dreamstime_xxl_97814927-600x600.webp,N/A,N/A
40,9,Mimosa Tree,Albizia julibrissin 'Rosea',"<ul>
<li>Tropical Pink Blooms</li>
<li>Fern-Like Foliage</li>
<li>Drought & Heat Tolerant</li>
<li>Easy Care</li>
<li>Smaller Shade Tree</li>
<ul>",Full Sun,Widely Adaptable,20 - 35 feet,25 - 30 feet,Fast,Light Pink,Green,N/A,Yes,https://www.naturehills.com/mimosa-tree,https://raw.githubusercontent.com/irmakerdem/tree-pal-api/main/assets/mimosa-tree/mimosa-tree-albizia-julibrissin-tree-in-bloom-2-600x600.webp,https://raw.githubusercontent.com/irmakerdem/tree-pal-api/main/assets/mimosa-tree/mimosa-tree-3-800x800.webp,https://raw.githubusercontent.com/irmakerdem/tree-pal-api/main/assets/mimosa-tree/mimosa-tree-dreamstime_xxl_97814927-600x600.webp,N/A,N/A
41,10,Mimosa Tree,Albizia julibrissin 'Rosea',"<ul>
<li>Tropical Pink Blooms</li>
<li>Fern-Like Foliage</li>
<li>Drought & Heat Tolerant</li>
<li>Easy Care</li>
<li>Smaller Shade Tree</li>
<ul>",Full Sun,Widely Adaptable,20 - 35 feet,25 - 30 feet,Fast,Light Pink,Green,N/A,Yes,https://www.naturehills.com/mimosa-tree,https://raw.githubusercontent.com/irmakerdem/tree-pal-api/main/assets/mimosa-tree/mimosa-tree-albizia-julibrissin-tree-in-bloom-2-600x600.webp,https://raw.githubusercontent.com/irmakerdem/tree-pal-api/main/assets/mimosa-tree/mimosa-tree-3-800x800.webp,https://raw.githubusercontent.com/irmakerdem/tree-pal-api/main/assets/mimosa-tree/mimosa-tree-dreamstime_xxl_97814927-600x600.webp,N/A,N/A
42,4,Aristocrat Flowering Pear Tree,Pyrus calleryana 'Aristocrat',"<ul>
<li>Gorgeous Fall Color</li>
<li>Tidy, Formal Profile</li>
<li>Strong Branch Structure</li>
<li>Versatile Small Shade Tree</li>
<ul>",Full Sun,Widely Adaptable,25 - 40 feet,20 - 30 feet,Fast,White,Green,"Yellow, Red, Burgundy / Purple",Yes,https://www.naturehills.com/aristocrat-flowering-pear,https://raw.githubusercontent.com/irmakerdem/tree-pal-api/main/assets/aristocrat-flowering/aristocrat-flowering-peartree-600x600.webp,https://raw.githubusercontent.com/irmakerdem/tree-pal-api/main/assets/aristocrat-flowering/aristocrat-flowering-leaves-425x425.webp,https://raw.githubusercontent.com/irmakerdem/tree-pal-api/main/assets/aristocrat-flowering/aristrocrat-flowering-pear-800x800.webp,https://raw.githubusercontent.com/irmakerdem/tree-pal-api/main/assets/aristocrat-flowering/aristrocrat-flowering-pear-blooms-600x600.webp,N/A
43,5,Aristocrat Flowering Pear Tree,Pyrus calleryana 'Aristocrat',"<ul>
<li>Gorgeous Fall Color</li>
<li>Tidy, Formal Profile</li>
<li>Strong Branch Structure</li>
<li>Versatile Small Shade Tree</li>
<ul>",Full Sun,Widely Adaptable,25 - 40 feet,20 - 30 feet,Fast,White,Green,"Yellow, Red, Burgundy / Purple",Yes,https://www.naturehills.com/aristocrat-flowering-pear,https://raw.githubusercontent.com/irmakerdem/tree-pal-api/main/assets/aristocrat-flowering/aristocrat-flowering-peartree-600x600.webp,https://raw.githubusercontent.com/irmakerdem/tree-pal-api/main/assets/aristocrat-flowering/aristocrat-flowering-leaves-425x425.webp,https://raw.githubusercontent.com/irmakerdem/tree-pal-api/main/assets/aristocrat-flowering/aristrocrat-flowering-pear-800x800.webp,https://raw.githubusercontent.com/irmakerdem/tree-pal-api/main/assets/aristocrat-flowering/aristrocrat-flowering-pear-blooms-600x600.webp,N/A
44,6,Aristocrat Flowering Pear Tree,Pyrus calleryana 'Aristocrat',"<ul>
<li>Gorgeous Fall Color</li>
<li>Tidy, Formal Profile</li>
<li>Strong Branch Structure</li>
<li>Versatile Small Shade Tree</li>
<ul>",Full Sun,Widely Adaptable,25 - 40 feet,20 - 30 feet,Fast,White,Green,"Yellow, Red, Burgundy / Purple",Yes,https://www.naturehills.com/aristocrat-flowering-pear,https://raw.githubusercontent.com/irmakerdem/tree-pal-api/main/assets/aristocrat-flowering/aristocrat-flowering-peartree-600x600.webp,https://raw.githubusercontent.com/irmakerdem/tree-pal-api/main/assets/aristocrat-flowering/aristocrat-flowering-leaves-425x425.webp,https://raw.githubusercontent.com/irmakerdem/tree-pal-api/main/assets/aristocrat-flowering/aristrocrat-flowering-pear-800x800.webp,https://raw.githubusercontent.com/irmakerdem/tree-pal-api/main/assets/aristocrat-flowering/aristrocrat-flowering-pear-blooms-600x600.webp,N/A
45,7,Aristocrat Flowering Pear Tree,Pyrus calleryana 'Aristocrat',"<ul>
<li>Gorgeous Fall Color</li>
<li>Tidy, Formal Profile</li>
<li>Strong Branch Structure</li>
<li>Versatile Small Shade Tree</li>
<ul>",Full Sun,Widely Adaptable,25 - 40 feet,20 - 30 feet,Fast,White,Green,"Yellow, Red, Burgundy / Purple",Yes,https://www.naturehills.com/aristocrat-flowering-pear,https://raw.githubusercontent.com/irmakerdem/tree-pal-api/main/assets/aristocrat-flowering/aristocrat-flowering-peartree-600x600.webp,https://raw.githubusercontent.com/irmakerdem/tree-pal-api/main/assets/aristocrat-flowering/aristocrat-flowering-leaves-425x425.webp,https://raw.githubusercontent.com/irmakerdem/tree-pal-api/main/assets/aristocrat-flowering/aristrocrat-flowering-pear-800x800.webp,https://raw.githubusercontent.com/irmakerdem/tree-pal-api/main/assets/aristocrat-flowering/aristrocrat-flowering-pear-blooms-600x600.webp,N/A
46,8,Aristocrat Flowering Pear Tree,Pyrus calleryana 'Aristocrat',"<ul>
<li>Gorgeous Fall Color</li>
<li>Tidy, Formal Profile</li>
<li>Strong Branch Structure</li>
<li>Versatile Small Shade Tree</li>
<ul>",Full Sun,Widely Adaptable,25 - 40 feet,20 - 30 feet,Fast,White,Green,"Yellow, Red, Burgundy / Purple",Yes,https://www.naturehills.com/aristocrat-flowering-pear,https://raw.githubusercontent.com/irmakerdem/tree-pal-api/main/assets/aristocrat-flowering/aristocrat-flowering-peartree-600x600.webp,https://raw.githubusercontent.com/irmakerdem/tree-pal-api/main/assets/aristocrat-flowering/aristocrat-flowering-leaves-425x425.webp,https://raw.githubusercontent.com/irmakerdem/tree-pal-api/main/assets/aristocrat-flowering/aristrocrat-flowering-pear-800x800.webp,https://raw.githubusercontent.com/irmakerdem/tree-pal-api/main/assets/aristocrat-flowering/aristrocrat-flowering-pear-blooms-600x600.webp,N/A
47,9,Aristocrat Flowering Pear Tree,Pyrus calleryana 'Aristocrat',"<ul>
<li>Gorgeous Fall Color</li>
<li>Tidy, Formal Profile</li>
<li>Strong Branch Structure</li>
<li>Versatile Small Shade Tree</li>
<ul>",Full Sun,Widely Adaptable,25 - 40 feet,20 - 30 feet,Fast,White,Green,"Yellow, Red, Burgundy / Purple",Yes,https://www.naturehills.com/aristocrat-flowering-pear,https://raw.githubusercontent.com/irmakerdem/tree-pal-api/main/assets/aristocrat-flowering/aristocrat-flowering-peartree-600x600.webp,https://raw.githubusercontent.com/irmakerdem/tree-pal-api/main/assets/aristocrat-flowering/aristocrat-flowering-leaves-425x425.webp,https://raw.githubusercontent.com/irmakerdem/tree-pal-api/main/assets/aristocrat-flowering/aristrocrat-flowering-pear-800x800.webp,https://raw.githubusercontent.com/irmakerdem/tree-pal-api/main/assets/aristocrat-flowering/aristrocrat-flowering-pear-blooms-600x600.webp,N/A
48,3,Autumn Brilliance Serviceberry,Amelanchier x grandiflora 'Autumn Brilliance',"<ul>
<li>Native Tree with Four Seasons of Interest</li>
<li>Superb Size for Smaller Lots</li>
<li>Pink Buds Open to Masses of Lacy, White Flowers</li>
<li>Flowers Held on Bare Branches in Spring</li>
<li>Butterflies and Beneficial Pollinators Adore the Delicate Blooms</li>
<li>Purple Edible Berries</li>
<li>Wonderful Food Source for Birds</li>
<li>Smooth Gray Bark Showcases the Graceful Form</li>
<li>Native Disease-Resistance</li>
<ul>","Full Sun, Partial Shade",Well Drained,20 - 25 feet,15 - 20 feet,Medium,White,Blue-Green,"Orange, Red",Yes,https://www.naturehills.com/autumn-brilliance-serviceberry,https://raw.githubusercontent.com/irmakerdem/tree-pal-api/main/assets/autumn-brilliance/autumn-brilliance-serviceberry-multi-stemmed.webp,https://raw.githubusercontent.com/irmakerdem/tree-pal-api/main/assets/autumn-brilliance/autumn-brilliance-serviceberry-blooms.webp,https://raw.githubusercontent.com/irmakerdem/tree-pal-api/main/assets/autumn-brilliance/autumn-brilliance-serviceberry-full-600x600.webp,https://raw.githubusercontent.com/irmakerdem/tree-pal-api/main/assets/autumn-brilliance/autumn-brilliance-serviceberry-4-800x800.webp,https://raw.githubusercontent.com/irmakerdem/tree-pal-api/main/assets/autumn-brilliance/autumn-brilliance-serviceberry-fall-color.webp
49,4,Autumn Brilliance Serviceberry,Amelanchier x grandiflora 'Autumn Brilliance',"<ul>
<li>Native Tree with Four Seasons of Interest</li>
<li>Superb Size for Smaller Lots</li>
<li>Pink Buds Open to Masses of Lacy, White Flowers</li>
<li>Flowers Held on Bare Branches in Spring</li>
<li>Butterflies and Beneficial Pollinators Adore the Delicate Blooms</li>
<li>Purple Edible Berries</li>
<li>Wonderful Food Source for Birds</li>
<li>Smooth Gray Bark Showcases the Graceful Form</li>
<li>Native Disease-Resistance</li>
<ul>","Full Sun, Partial Shade",Well Drained,20 - 25 feet,15 - 20 feet,Medium,White,Blue-Green,"Orange, Red",Yes,https://www.naturehills.com/autumn-brilliance-serviceberry,https://raw.githubusercontent.com/irmakerdem/tree-pal-api/main/assets/autumn-brilliance/autumn-brilliance-serviceberry-multi-stemmed.webp,https://raw.githubusercontent.com/irmakerdem/tree-pal-api/main/assets/autumn-brilliance/autumn-brilliance-serviceberry-blooms.webp,https://raw.githubusercontent.com/irmakerdem/tree-pal-api/main/assets/autumn-brilliance/autumn-brilliance-serviceberry-full-600x600.webp,https://raw.githubusercontent.com/irmakerdem/tree-pal-api/main/assets/autumn-brilliance/autumn-brilliance-serviceberry-4-800x800.webp,https://raw.githubusercontent.com/irmakerdem/tree-pal-api/main/assets/autumn-brilliance/autumn-brilliance-serviceberry-fall-color.webp
50,5,Autumn Brilliance Serviceberry,Amelanchier x grandiflora 'Autumn Brilliance',"<ul>
<li>Native Tree with Four Seasons of Interest</li>
<li>Superb Size for Smaller Lots</li>
<li>Pink Buds Open to Masses of Lacy, White Flowers</li>
<li>Flowers Held on Bare Branches in Spring</li>
<li>Butterflies and Beneficial Pollinators Adore the Delicate Blooms</li>
<li>Purple Edible Berries</li>
<li>Wonderful Food Source for Birds</li>
<li>Smooth Gray Bark Showcases the Graceful Form</li>
<li>Native Disease-Resistance</li>
<ul>","Full Sun, Partial Shade",Well Drained,20 - 25 feet,15 - 20 feet,Medium,White,Blue-Green,"Orange, Red",Yes,https://www.naturehills.com/autumn-brilliance-serviceberry,https://raw.githubusercontent.com/irmakerdem/tree-pal-api/main/assets/autumn-brilliance/autumn-brilliance-serviceberry-multi-stemmed.webp,https://raw.githubusercontent.com/irmakerdem/tree-pal-api/main/assets/autumn-brilliance/autumn-brilliance-serviceberry-blooms.webp,https://raw.githubusercontent.com/irmakerdem/tree-pal-api/main/assets/autumn-brilliance/autumn-brilliance-serviceberry-full-600x600.webp,https://raw.githubusercontent.com/irmakerdem/tree-pal-api/main/assets/autumn-brilliance/autumn-brilliance-serviceberry-4-800x800.webp,https://raw.githubusercontent.com/irmakerdem/tree-pal-api/main/assets/autumn-brilliance/autumn-brilliance-serviceberry-fall-color.webp
51,6,Autumn Brilliance Serviceberry,Amelanchier x grandiflora 'Autumn Brilliance',"<ul>
<li>Native Tree with Four Seasons of Interest</li>
<li>Superb Size for Smaller Lots</li>
<li>Pink Buds Open to Masses of Lacy, White Flowers</li>
<li>Flowers Held on Bare Branches in Spring</li>
<li>Butterflies and Beneficial Pollinators Adore the Delicate Blooms</li>
<li>Purple Edible Berries</li>
<li>Wonderful Food Source for Birds</li>
<li>Smooth Gray Bark Showcases the Graceful Form</li>
<li>Native Disease-Resistance</li>
<ul>","Full Sun, Partial Shade",Well Drained,20 - 25 feet,15 - 20 feet,Medium,White,Blue-Green,"Orange, Red",Yes,https://www.naturehills.com/autumn-brilliance-serviceberry,https://raw.githubusercontent.com/irmakerdem/tree-pal-api/main/assets/autumn-brilliance/autumn-brilliance-serviceberry-multi-stemmed.webp,https://raw.githubusercontent.com/irmakerdem/tree-pal-api/main/assets/autumn-brilliance/autumn-brilliance-serviceberry-blooms.webp,https://raw.githubusercontent.com/irmakerdem/tree-pal-api/main/assets/autumn-brilliance/autumn-brilliance-serviceberry-full-600x600.webp,https://raw.githubusercontent.com/irmakerdem/tree-pal-api/main/assets/autumn-brilliance/autumn-brilliance-serviceberry-4-800x800.webp,https://raw.githubusercontent.com/irmakerdem/tree-pal-api/main/assets/autumn-brilliance/autumn-brilliance-serviceberry-fall-color.webp
52,7,Autumn Brilliance Serviceberry,Amelanchier x grandiflora 'Autumn Brilliance',"<ul>
<li>Native Tree with Four Seasons of Interest</li>
<li>Superb Size for Smaller Lots</li>
<li>Pink Buds Open to Masses of Lacy, White Flowers</li>
<li>Flowers Held on Bare Branches in Spring</li>
<li>Butterflies and Beneficial Pollinators Adore the Delicate Blooms</li>
<li>Purple Edible Berries</li>
<li>Wonderful Food Source for Birds</li>
<li>Smooth Gray Bark Showcases the Graceful Form</li>
<li>Native Disease-Resistance</li>
<ul>","Full Sun, Partial Shade",Well Drained,20 - 25 feet,15 - 20 feet,Medium,White,Blue-Green,"Orange, Red",Yes,https://www.naturehills.com/autumn-brilliance-serviceberry,https://raw.githubusercontent.com/irmakerdem/tree-pal-api/main/assets/autumn-brilliance/autumn-brilliance-serviceberry-multi-stemmed.webp,https://raw.githubusercontent.com/irmakerdem/tree-pal-api/main/assets/autumn-brilliance/autumn-brilliance-serviceberry-blooms.webp,https://raw.githubusercontent.com/irmakerdem/tree-pal-api/main/assets/autumn-brilliance/autumn-brilliance-serviceberry-full-600x600.webp,https://raw.githubusercontent.com/irmakerdem/tree-pal-api/main/assets/autumn-brilliance/autumn-brilliance-serviceberry-4-800x800.webp,https://raw.githubusercontent.com/irmakerdem/tree-pal-api/main/assets/autumn-brilliance/autumn-brilliance-serviceberry-fall-color.webp
53,8,Autumn Brilliance Serviceberry,Amelanchier x grandiflora 'Autumn Brilliance',"<ul>
<li>Native Tree with Four Seasons of Interest</li>
<li>Superb Size for Smaller Lots</li>
<li>Pink Buds Open to Masses of Lacy, White Flowers</li>
<li>Flowers Held on Bare Branches in Spring</li>
<li>Butterflies and Beneficial Pollinators Adore the Delicate Blooms</li>
<li>Purple Edible Berries</li>
<li>Wonderful Food Source for Birds</li>
<li>Smooth Gray Bark Showcases the Graceful Form</li>
<li>Native Disease-Resistance</li>
<ul>","Full Sun, Partial Shade",Well Drained,20 - 25 feet,15 - 20 feet,Medium,White,Blue-Green,"Orange, Red",Yes,https://www.naturehills.com/autumn-brilliance-serviceberry,https://raw.githubusercontent.com/irmakerdem/tree-pal-api/main/assets/autumn-brilliance/autumn-brilliance-serviceberry-multi-stemmed.webp,https://raw.githubusercontent.com/irmakerdem/tree-pal-api/main/assets/autumn-brilliance/autumn-brilliance-serviceberry-blooms.webp,https://raw.githubusercontent.com/irmakerdem/tree-pal-api/main/assets/autumn-brilliance/autumn-brilliance-serviceberry-full-600x600.webp,https://raw.githubusercontent.com/irmakerdem/tree-pal-api/main/assets/autumn-brilliance/autumn-brilliance-serviceberry-4-800x800.webp,https://raw.githubusercontent.com/irmakerdem/tree-pal-api/main/assets/autumn-brilliance/autumn-brilliance-serviceberry-fall-color.webp
54,9,Autumn Brilliance Serviceberry,Amelanchier x grandiflora 'Autumn Brilliance',"<ul>
<li>Native Tree with Four Seasons of Interest</li>
<li>Superb Size for Smaller Lots</li>
<li>Pink Buds Open to Masses of Lacy, White Flowers</li>
<li>Flowers Held on Bare Branches in Spring</li>
<li>Butterflies and Beneficial Pollinators Adore the Delicate Blooms</li>
<li>Purple Edible Berries</li>
<li>Wonderful Food Source for Birds</li>
<li>Smooth Gray Bark Showcases the Graceful Form</li>
<li>Native Disease-Resistance</li>
<ul>","Full Sun, Partial Shade",Well Drained,20 - 25 feet,15 - 20 feet,Medium,White,Blue-Green,"Orange, Red",Yes,https://www.naturehills.com/autumn-brilliance-serviceberry,https://raw.githubusercontent.com/irmakerdem/tree-pal-api/main/assets/autumn-brilliance/autumn-brilliance-serviceberry-multi-stemmed.webp,https://raw.githubusercontent.com/irmakerdem/tree-pal-api/main/assets/autumn-brilliance/autumn-brilliance-serviceberry-blooms.webp,https://raw.githubusercontent.com/irmakerdem/tree-pal-api/main/assets/autumn-brilliance/autumn-brilliance-serviceberry-full-600x600.webp,https://raw.githubusercontent.com/irmakerdem/tree-pal-api/main/assets/autumn-brilliance/autumn-brilliance-serviceberry-4-800x800.webp,https://raw.githubusercontent.com/irmakerdem/tree-pal-api/main/assets/autumn-brilliance/autumn-brilliance-serviceberry-fall-color.webp
,,,,,,,,,,,,,,,,,,https://raw.githubusercontent.com/irmakerdem/tree-pal-api/main/assets/autumn-brilliance/autumn-brilliance-serviceberry-multi-stemmed.webp,